week,gt_harga_naik,gt_biaya_hidup,gt_harga_beras,gt_harga_bbm,gt_phk,gt_mean_score,isPartial,usd_idr_close,usd_idr_return,usd_idr_volatility_4w,rupiah_depreciation_dummy,x_tweet_volume,x_negative_sentiment_mean,x_negative_tweet_ratio,x_tweet_volume_log1p,gt_mean_score_raw,esi,split,esi_current,esi_lag_1,esi_lag_2,esi_lag_3,esi_lag_4,esi_lag_8,esi_diff_1,esi_diff_2,esi_diff_4,esi_roll_mean_2,esi_roll_mean_4,esi_roll_mean_8,gt_mean_score_lag_1,gt_mean_score_lag_2,gt_mean_score_lag_3,gt_mean_score_lag_4,gt_mean_score_lag_8,gt_mean_score_diff_1,gt_mean_score_diff_2,gt_mean_score_diff_4,gt_mean_score_roll_mean_2,gt_mean_score_roll_mean_4,gt_mean_score_roll_mean_8,x_negative_sentiment_mean_lag_1,x_negative_sentiment_mean_lag_2,x_negative_sentiment_mean_lag_3,x_negative_sentiment_mean_lag_4,x_negative_sentiment_mean_lag_8,x_negative_sentiment_mean_diff_1,x_negative_sentiment_mean_diff_2,x_negative_sentiment_mean_diff_4,x_negative_sentiment_mean_roll_mean_2,x_negative_sentiment_mean_roll_mean_4,x_negative_sentiment_mean_roll_mean_8,usd_idr_return_lag_1,usd_idr_return_lag_2,usd_idr_return_lag_3,usd_idr_return_lag_4,usd_idr_return_lag_8,usd_idr_return_diff_1,usd_idr_return_diff_2,usd_idr_return_diff_4,usd_idr_return_roll_mean_2,usd_idr_return_roll_mean_4,usd_idr_return_roll_mean_8,gt_harga_naik_lag_1,gt_harga_naik_lag_2,gt_harga_naik_lag_4,gt_harga_naik_diff_1,gt_biaya_hidup_lag_1,gt_biaya_hidup_lag_2,gt_biaya_hidup_lag_4,gt_biaya_hidup_diff_1,gt_harga_beras_lag_1,gt_harga_beras_lag_2,gt_harga_beras_lag_4,gt_harga_beras_diff_1,gt_harga_bbm_lag_1,gt_harga_bbm_lag_2,gt_harga_bbm_lag_4,gt_harga_bbm_diff_1,gt_phk_lag_1,gt_phk_lag_2,gt_phk_lag_4,gt_phk_diff_1,esi_squared,esi_momentum,esi_momentum_squared,esi_level_momentum,esi_next_week,target_week
2022-02-27,8.0,2.0,8.0,3.0,2.0,4.6,False,14345.0,-0.0010445682451253324,0.0035632492975473,0.0,3.0,0.5715718145171801,0.6666666666666666,1.3862943611198906,4.6,3.254067196687594,train,3.254067196687594,3.2453110360335007,2.3927737273640646,1.117901085691298,0.11974102735872617,0.09892474534870589,0.008756160654093126,0.8612934693235292,3.1343261693288675,3.249689116360547,2.5025132614441143,1.0183841637816191,4.4,4.2,3.6,2.8,3.0,0.1999999999999993,0.39999999999999947,1.7999999999999998,4.5,4.2,3.475,0.9970014989376068,0.5039329081773758,0.5471940543502569,0.8994779388109843,0.49202591768698767,-0.4254296844204267,0.0676389063398043,-0.32790612429380417,0.7842866567273934,0.654925068995605,0.6233843173014022,0.003423939626860495,-0.005282546743587968,-0.0014575235980011092,0.006566997345256453,0.0010982793389811008,-0.004468507871985827,0.004237978498462636,-0.007611565590381786,0.0011896856908675812,-0.0010901747399634787,0.0002909136366102544,8.0,7.0,5.0,0.0,2.0,2.0,2.0,0.0,8.0,7.0,5.0,0.0,2.0,3.0,1.0,1.0,2.0,2.0,1.0,0.0,10.588953320558256,0.008756160654093126,7.667034940028855e-05,0.028493135153411026,3.58588658746249,2022-03-06
2022-03-06,9.0,2.0,8.0,3.0,2.0,4.8,False,14388.0,0.0029975601254792483,0.004070336803028451,1.0,3.0,0.40422463917639107,0.3333333333333333,1.3862943611198906,4.8,3.58588658746249,train,3.58588658746249,3.254067196687594,3.2453110360335007,2.3927737273640646,1.117901085691298,-1.1464437532061822,0.3318193907748963,0.34057555142898943,2.4679855017711922,3.419976892075042,3.1195096368869124,1.609925456365203,4.6,4.4,4.2,3.6,2.6,0.20000000000000018,0.39999999999999947,1.1999999999999997,4.699999999999999,4.5,3.75,0.5715718145171801,0.9970014989376068,0.5039329081773758,0.5471940543502569,0.436807712506769,-0.16734717534078902,-0.5927768597612157,-0.14296941517386585,0.4878982268467855,0.6191827152021385,0.619311433135105,-0.0010445682451253324,0.003423939626860495,-0.005282546743587968,-0.0014575235980011092,0.0010982793389811008,0.004042128370604581,-0.0004263795013812466,0.0044550837234803575,0.000976495940176958,2.3596190906610692e-05,0.0005283237349225228,8.0,8.0,5.0,1.0,2.0,2.0,2.0,0.0,8.0,8.0,7.0,0.0,3.0,2.0,2.0,0.0,2.0,2.0,2.0,0.0,12.858582618143382,0.3318193907748963,0.11010410809422334,1.1898667028396754,3.5552012857124993,2022-03-13
2022-03-13,9.375,2.0,8.0,2.0,3.0,4.875,False,14283.0,-0.0072977481234361985,0.004971069490823917,0.0,1.0,0.1602334678173065,0.0,0.6931471805599453,5.2,3.5552012857124993,train,3.5552012857124993,3.58588658746249,3.254067196687594,3.2453110360335007,2.3927737273640646,-1.096726973163576,-0.030685301749990845,0.30113408902490546,1.1624275583484347,3.5705439365874945,3.410116526474021,2.1914164887247125,4.8,4.6,4.4,4.2,2.6,0.07500000000000018,0.27500000000000036,0.6749999999999998,4.8375,4.66875,4.034375,0.40422463917639107,0.5715718145171801,0.9970014989376068,0.5039329081773758,0.3499898370355367,-0.24399117135908457,-0.41133834669987357,-0.3436994403600693,0.28222905349684874,0.5332578551121211,0.5955918869828262,0.0029975601254792483,-0.0010445682451253324,0.003423939626860495,-0.005282546743587968,-0.0007677275265215444,-0.010295308248915447,-0.006253179878310866,-0.0020152013798482304,-0.002150093998978475,-0.0004802041540554469,-0.00028792883969180894,9.0,8.0,7.0,0.375,2.0,2.0,2.0,0.0,8.0,8.0,7.0,0.0,3.0,3.0,3.0,-1.0,2.0,2.0,2.0,1.0,12.639456181931807,-0.030685301749990845,0.0009415877434879912,-0.10909242423404346,2.258729625288485,2022-03-20
2022-03-20,8.0,2.0,6.0,2.0,2.0,4.0,False,14337.0,0.003780718336483968,0.005066750921258149,1.0,9.0,0.6530273815410005,0.6666666666666666,2.302585092994046,4.0,2.258729625288485,train,2.258729625288485,3.5552012857124993,3.58588658746249,3.254067196687594,3.2453110360335007,0.2604499634875272,-1.296471660424014,-1.327156962174005,-0.9865814107450155,2.906965455500492,3.1634711737877668,2.441201446449832,4.875,4.8,4.6,4.4,3.0,-0.875,-0.7999999999999998,-0.40000000000000036,4.4375,4.56875,4.159375,0.1602334678173065,0.40422463917639107,0.5715718145171801,0.9970014989376068,0.6810987740755081,0.49279391372369397,0.24880274236460942,-0.3439741173966063,0.40663042467915345,0.4472643257629696,0.5920829629160127,-0.0072977481234361985,0.0029975601254792483,-0.0010445682451253324,0.003423939626860495,-0.00020954110498005996,0.011078466459920167,0.0007831582110047197,0.00035677870962347313,-0.0017585148934761152,-0.00039100947664957864,0.00021085359049119456,9.375,9.0,8.0,-1.375,2.0,2.0,2.0,0.0,8.0,8.0,8.0,-2.0,2.0,3.0,2.0,0.0,3.0,2.0,2.0,-1.0,5.101859520155861,-1.296471660424014,1.6808387662826,-2.9283789477466735,6.150068684762875,2022-03-27
2022-03-27,9.375,2.0,6.0,12.125,2.0,6.3,False,14341.0,0.00027899839575917795,0.005053042285469666,1.0,2.0,0.4868235971662216,0.5,1.0986122886681098,9.8,6.150068684762875,train,6.150068684762875,2.258729625288485,3.5552012857124993,3.58588658746249,3.254067196687594,0.11974102735872617,3.8913390594743897,2.5948673990503757,2.896001488075281,4.20439915502568,3.887471545806587,3.194992403625351,4.0,4.875,4.8,4.6,2.8,2.3,1.4249999999999998,1.7000000000000002,5.15,4.99375,4.596875,0.6530273815410005,0.1602334678173065,0.40422463917639107,0.5715718145171801,0.8994779388109843,-0.1662037843747789,0.32659012934891507,-0.0847482173509585,0.569925489353611,0.4260772714252299,0.5405011702104174,0.003780718336483968,-0.0072977481234361985,0.0029975601254792483,-0.0010445682451253324,0.006566997345256453,-0.00350171994072479,0.0075767465191953765,0.0013235666408845104,0.002029858366121573,-6.011781642845104e-05,-0.0005751462781959649,8.0,9.375,8.0,1.375,2.0,2.0,2.0,0.0,6.0,8.0,8.0,0.0,2.0,2.0,3.0,10.125,2.0,3.0,2.0,0.0,37.82334482730096,3.8913390594743897,15.142519675791029,23.93200249146806,3.379551810604102,2022-04-03
2022-04-03,8.0,2.0,5.0,7.0,2.0,4.8,False,14376.0,0.002440555051949067,0.004947259030731376,1.0,3.0,0.3155408770156403,0.3333333333333333,1.3862943611198906,4.8,3.379551810604102,train,3.379551810604102,6.150068684762875,2.258729625288485,3.5552012857124993,3.58588658746249,1.117901085691298,-2.770516874158773,1.1208221853156166,-0.2063347768583883,4.764810247683489,3.8358878515919903,3.477698744239451,6.3,4.0,4.875,4.8,3.6,-1.5,0.7999999999999998,0.0,5.55,4.9937499999999995,4.746875,0.4868235971662216,0.6530273815410005,0.1602334678173065,0.40422463917639107,0.5471940543502569,-0.17128272015058127,-0.33748650452536016,-0.08868376216075075,0.4011822370909309,0.40390633088504224,0.5115445230435903,0.00027899839575917795,0.003780718336483968,-0.0072977481234361985,0.0029975601254792483,-0.0014575235980011092,0.002161556656189889,-0.001340163284534901,-0.0005570050735301812,0.0013597767238541225,-0.00019936908481099636,-8.788644695219283e-05,9.375,8.0,9.0,-1.375,2.0,2.0,2.0,0.0,6.0,6.0,8.0,-1.0,12.125,2.0,3.0,-5.125,2.0,2.0,2.0,0.0,11.421370440557462,-2.770516874158773,7.675763749998499,-9.363105318372499,2.105697618954904,2022-04-10
2022-04-10,7.0,2.0,5.0,4.0,2.0,4.0,False,14365.0,-0.0007651641624930594,0.0020567443159600703,0.0,6.0,0.6659933371508183,0.6666666666666666,1.9459101490553132,4.0,2.105697618954904,train,2.105697618954904,3.379551810604102,6.150068684762875,2.258729625288485,3.5552012857124993,2.3927737273640646,-1.2738541916491979,-4.044371065807971,-1.4495036667575953,2.742624714779503,3.473511934902591,3.441814230688306,4.8,6.3,4.0,4.875,4.2,-0.7999999999999998,-2.3,-0.875,4.4,4.7749999999999995,4.721875000000001,0.3155408770156403,0.4868235971662216,0.6530273815410005,0.1602334678173065,0.5039329081773758,0.350452460135178,0.17916973998459673,0.5057598693335118,0.49076710708322924,0.5303462982184202,0.5318020766652707,0.002440555051949067,0.00027899839575917795,0.003780718336483968,-0.0072977481234361985,-0.005282546743587968,-0.0032057192144421265,-0.0010441625582522374,0.006532583960943139,0.0008376954447280038,0.0014337769054247884,0.00047678637568467075,8.0,9.375,9.375,-1.0,2.0,2.0,2.0,0.0,5.0,6.0,8.0,0.0,7.0,12.125,2.0,-3.0,2.0,2.0,3.0,0.0,4.433962462472352,-1.2738541916491979,1.6227045015822315,-2.6823517382514397,1.7588060012676212,2022-04-17
2022-04-17,6.0,2.0,6.0,3.0,2.0,3.8,False,14360.0,-0.00034806822137134485,0.0014254484567655086,0.0,5.0,0.7903087682090699,0.8,1.791759469228055,3.8,1.7588060012676212,train,1.7588060012676212,2.105697618954904,3.379551810604102,6.150068684762875,2.258729625288485,3.2453110360335007,-0.3468916176872827,-1.6207458093364806,-0.499923624020864,1.9322518101112625,3.3485310288973755,3.256001101342571,4.0,4.8,6.3,4.0,4.4,-0.20000000000000018,-1.0,-0.20000000000000018,3.9,4.725,4.646875,0.6659933371508183,0.3155408770156403,0.4868235971662216,0.6530273815410005,0.9970014989376068,0.1243154310582516,0.4747678911934296,0.13728138666806944,0.7281510526799441,0.5646666448854376,0.5059654853242035,-0.0007651641624930594,0.002440555051949067,0.00027899839575917795,0.003780718336483968,0.003423939626860495,0.00041709594112171455,-0.002788623273320412,-0.004128786557855313,-0.0005566161919322021,0.0004015802659609602,5.285394655690778e-06,7.0,8.0,8.0,-1.0,2.0,2.0,2.0,0.0,5.0,5.0,6.0,1.0,4.0,7.0,2.0,-1.0,2.0,2.0,2.0,0.0,3.0933985500949994,-0.3468916176872827,0.12033379442169992,-0.6101150589778261,-0.14251837690296654,2022-04-24
2022-04-24,5.0,1.0,6.0,2.0,2.0,3.2,False,14425.0,0.004526462395543218,0.002488982293318901,1.0,6.0,0.38207800469050807,0.3333333333333333,1.9459101490553132,3.2,-0.14251837690296654,train,-0.14251837690296654,1.7588060012676212,2.105697618954904,3.379551810604102,6.150068684762875,3.254067196687594,-1.9013243781705877,-2.2482159958578705,-6.2925870616658415,0.8081438121823273,1.7753842634809152,2.831427904643751,3.8,4.0,4.8,6.3,4.6,-0.5999999999999996,-0.7999999999999998,-3.0999999999999996,3.5,3.95,4.471875000000001,0.7903087682090699,0.6659933371508183,0.3155408770156403,0.4868235971662216,0.5715718145171801,-0.40823076351856186,-0.28391533246031025,-0.10474559247571352,0.5861933864497889,0.5384802467665092,0.48227875909586954,-0.00034806822137134485,-0.0007651641624930594,0.002440555051949067,0.00027899839575917795,-0.0010445682451253324,0.004874530616914563,0.005291626558036278,0.00424746399978404,0.0020891970870859367,0.0014634462659069702,0.0007016642247392596,6.0,7.0,9.375,-1.0,2.0,2.0,2.0,-1.0,6.0,5.0,6.0,0.0,3.0,4.0,12.125,-1.0,2.0,2.0,2.0,0.0,0.020311487755056024,-1.9013243781705877,3.6150343910257723,0.2709736643429143,-1.9859825637273887,2022-05-01
2022-05-01,5.0,1.0,3.0,1.0,1.0,2.2,False,14518.0,0.006447140381282468,0.0035802412639804665,1.0,2.0,0.014716709498316,0.0,1.0986122886681098,2.2,-1.9859825637273887,train,-1.9859825637273887,-0.14251837690296654,1.7588060012676212,2.105697618954904,3.379551810604102,3.58588658746249,-1.8434641868244221,-3.7447885649950097,-5.3655343743314905,-1.0642504703151776,0.4340006698980425,2.134944260745016,3.2,3.8,4.0,4.8,4.8,-1.0,-1.5999999999999996,-2.5999999999999996,2.7,3.3,4.146875,0.38207800469050807,0.7903087682090699,0.6659933371508183,0.3155408770156403,0.40422463917639107,-0.36736129519219207,-0.7755920587107539,-0.3008241675173243,0.19839735709441192,0.4632742048871781,0.43359026788611016,0.004526462395543218,-0.00034806822137134485,-0.0007651641624930594,0.002440555051949067,0.0029975601254792483,0.0019206779857392497,0.006795208602653813,0.004006585329333401,0.005486801388412843,0.0024650925982403205,0.001132861756714662,5.0,6.0,8.0,0.0,1.0,2.0,2.0,0.0,6.0,6.0,5.0,-3.0,2.0,3.0,7.0,-1.0,2.0,2.0,2.0,-1.0,3.9441267434292113,-1.8434641868244221,3.398360208104228,3.6610877318891917,0.6059104565233893,2022-05-08
2022-05-08,6.0,2.0,3.0,2.0,2.0,3.0,False,14486.0,-0.002204160352665685,0.004053972101341812,0.0,1.0,0.9564261436462402,1.0,0.6931471805599453,3.0,0.6059104565233893,train,0.6059104565233893,-1.9859825637273887,-0.14251837690296654,1.7588060012676212,2.105697618954904,3.5552012857124993,2.5918930202507777,0.7484288334263558,-1.4997871624315147,-0.6900360536019997,0.05905387929016381,1.7662829070963775,2.2,3.2,3.8,4.0,4.875,0.7999999999999998,-0.20000000000000018,-1.0,2.6,3.05,3.9124999999999996,0.014716709498316,0.38207800469050807,0.7903087682090699,0.6659933371508183,0.1602334678173065,0.9417094341479242,0.5743481389557321,0.2904328064954219,0.48557142657227803,0.5358824065110336,0.5331143523647268,0.006447140381282468,0.004526462395543218,-0.00034806822137134485,-0.0007651641624930594,-0.0072977481234361985,-0.008651300733948153,-0.006730622748208903,-0.0014389961901726256,0.0021214900143083915,0.002105343550697164,0.0017695602280609762,5.0,5.0,7.0,1.0,1.0,1.0,2.0,1.0,3.0,6.0,5.0,0.0,1.0,2.0,4.0,1.0,1.0,2.0,2.0,1.0,0.367127481324382,2.5918930202507777,6.717909428424698,1.5704550831599349,0.21396757326110633,2022-05-15
2022-05-15,6.0,2.0,3.0,2.0,2.0,3.0,False,14631.0,0.0100096645036587,0.005129732709043298,1.0,5.0,0.45919556518783794,0.4,1.791759469228055,3.0,0.21396757326110633,train,0.21396757326110633,0.6059104565233893,-1.9859825637273887,-0.14251837690296654,1.7588060012676212,2.258729625288485,-0.39194288326228294,2.199950136988495,-1.5448384280065148,0.4099390148922478,-0.3271557277114649,1.5106876505929552,3.0,2.2,3.2,3.8,4.0,0.0,0.7999999999999998,-0.7999999999999998,3.0,2.85,3.7874999999999996,0.9564261436462402,0.014716709498316,0.38207800469050807,0.7903087682090699,0.6530273815410005,-0.4972305784584023,0.44447885568952195,-0.331113203021232,0.707810854417039,0.4531041057557256,0.5088853753205815,-0.002204160352665685,0.006447140381282468,0.004526462395543218,-0.00034806822137134485,0.003780718336483968,0.012213824856324385,0.0035625241223762316,0.010357732725030044,0.0039027520754965073,0.004694776731954675,0.0025481784989578177,6.0,5.0,6.0,0.0,2.0,1.0,2.0,0.0,3.0,3.0,6.0,0.0,2.0,1.0,3.0,0.0,2.0,1.0,2.0,0.0,0.045782122407246904,-0.39194288326228294,0.15361922373995154,-0.08386306758859177,0.3633214544091601,2022-05-22
2022-05-22,6.0,2.0,4.0,1.0,3.0,3.2,False,14656.0,0.0017087007039846558,0.0053493254431457036,1.0,5.0,0.1706938352901488,0.2,1.791759469228055,3.2,0.3633214544091601,train,0.3633214544091601,0.21396757326110633,0.6059104565233893,-1.9859825637273887,-0.14251837690296654,6.150068684762875,0.14935388114805376,-0.24258900211422918,0.5058398313121266,0.28864451383513323,-0.20069576988343324,0.7873442467987409,3.0,3.0,2.2,3.2,6.3,0.20000000000000018,0.20000000000000018,0.0,3.1,2.8499999999999996,3.4000000000000004,0.45919556518783794,0.9564261436462402,0.014716709498316,0.38207800469050807,0.4868235971662216,-0.28850172989768913,-0.7857323083560914,-0.21138416940035926,0.31494470023899324,0.40025806340563574,0.46936915508607246,0.0100096645036587,-0.002204160352665685,0.006447140381282468,0.004526462395543218,0.00027899839575917795,-0.008300963799674044,0.003912861056650341,-0.0028177616915585624,0.005859182603821678,0.0039903363090650346,0.0027268912874860024,6.0,6.0,5.0,0.0,2.0,2.0,1.0,0.0,3.0,3.0,6.0,1.0,2.0,2.0,2.0,-1.0,2.0,2.0,2.0,1.0,0.1320024792339874,0.14935388114805376,0.022306581813986967,0.05426346932036373,1.2421675299573618,2022-05-29
2022-05-29,6.0,2.0,5.0,2.0,3.0,3.6,False,14535.0,-0.008256004366812175,0.007653696392802253,0.0,5.0,0.5435169376432896,0.6,1.791759469228055,3.6,1.2421675299573618,train,1.2421675299573618,0.3633214544091601,0.21396757326110633,0.6059104565233893,-1.9859825637273887,3.379551810604102,0.8788460755482017,1.0281999566962554,3.2281500936847505,0.8027444921832609,0.6063417535377544,0.5201712117178985,3.2,3.0,3.0,2.2,4.8,0.3999999999999999,0.6000000000000001,1.4,3.4000000000000004,3.2,3.25,0.1706938352901488,0.45919556518783794,0.9564261436462402,0.014716709498316,0.3155408770156403,0.37282310235314076,0.08432137245545163,0.5288002281449735,0.3571053864667191,0.5324581204418791,0.4978661626645286,0.0017087007039846558,0.0100096645036587,-0.002204160352665685,0.006447140381282468,0.002440555051949067,-0.009964705070796831,-0.018265668870470875,-0.014703144748094643,-0.0032736518314137597,0.0003145501220413738,0.0013898213601408471,6.0,6.0,5.0,0.0,2.0,2.0,1.0,0.0,4.0,3.0,3.0,1.0,1.0,2.0,1.0,1.0,3.0,2.0,1.0,0.0,1.5429801724803733,0.8788460755482017,0.7723704245064754,1.0916740588764307,1.3794360850427376,2022-06-05
2022-06-05,7.0,2.0,5.0,2.0,3.0,3.8,False,14444.0,-0.006260749914000718,0.008336943760773003,0.0,3.0,0.09635841318716602,0.0,1.3862943611198906,3.8,1.3794360850427376,train,1.3794360850427376,1.2421675299573618,0.3633214544091601,0.21396757326110633,0.6059104565233893,2.105697618954904,0.13726855508537583,1.0161146306335775,0.7735256285193484,1.3108018075000496,0.7997231606675914,0.4293885199788776,3.6,3.2,3.0,3.0,4.0,0.19999999999999973,0.5999999999999996,0.7999999999999998,3.7,3.4,3.225,0.5435169376432896,0.1706938352901488,0.45919556518783794,0.9564261436462402,0.6659933371508183,-0.44715852445612353,-0.07433542210298279,-0.8600677304590743,0.31993767541522766,0.31744118782711056,0.4266617971690721,-0.008256004366812175,0.0017087007039846558,0.0100096645036587,-0.002204160352665685,-0.0007651641624930594,0.001995254452811457,-0.007969450617985374,-0.004056589561335033,-0.007258377140406447,-0.0006995972682923846,0.0007028731412023898,6.0,6.0,6.0,1.0,2.0,2.0,2.0,0.0,5.0,4.0,3.0,0.0,2.0,1.0,2.0,0.0,3.0,3.0,2.0,0.0,1.9028439127180348,0.13726855508537583,0.01884265621522686,0.1893531982264442,-0.25438367834278613,2022-06-12
2022-06-12,6.0,1.0,3.0,1.0,5.0,3.2,False,14552.0,0.007477153143173654,0.0072819743191519706,1.0,3.0,0.06925573161182301,0.0,1.3862943611198906,3.2,-0.25438367834278613,train,-0.25438367834278613,1.3794360850427376,1.2421675299573618,0.3633214544091601,0.21396757326110633,1.7588060012676212,-1.6338197633855238,-1.496551208300148,-0.46835125160389246,0.5625262033499757,0.6826353477666184,0.17773981002757672,3.8,3.6,3.2,3.0,3.8,-0.5999999999999996,-0.3999999999999999,0.20000000000000018,3.5,3.45,3.15,0.09635841318716602,0.5435169376432896,0.1706938352901488,0.45919556518783794,0.7903087682090699,-0.027102681575343013,-0.47426120603146654,-0.3899398335760149,0.0828070723994944,0.21995622943310686,0.33653016759441623,-0.006260749914000718,-0.008256004366812175,0.0017087007039846558,0.0100096645036587,-0.00034806822137134485,0.013737903057174372,0.01573315750998583,-0.0025325113604850458,0.0006082016145864677,-0.001332725108413646,0.0016810258117705146,7.0,6.0,6.0,-1.0,2.0,2.0,2.0,-1.0,5.0,5.0,3.0,-2.0,2.0,2.0,2.0,-1.0,3.0,3.0,2.0,2.0,0.06471105580720608,-1.6338197633855238,2.6693670192291292,0.41561708115915,-0.6887560869004732,2022-06-19
2022-06-19,5.0,2.0,2.0,1.0,3.0,2.6,False,14817.0,0.018210555250137483,0.012432392975467728,1.0,4.0,0.27202715480234474,0.25,1.6094379124341003,2.6,-0.6887560869004732,train,-0.6887560869004732,-0.25438367834278613,1.3794360850427376,1.2421675299573618,0.3633214544091601,-0.14251837690296654,-0.43437240855768705,-2.0681921719432106,-1.0520775413096333,-0.4715698826216297,0.41961596243921,0.10946009627788839,3.2,3.8,3.6,3.2,3.2,-0.6000000000000001,-1.1999999999999997,-0.6000000000000001,2.9000000000000004,3.3000000000000003,3.075,0.06925573161182301,0.09635841318716602,0.5435169376432896,0.1706938352901488,0.38207800469050807,0.20277142319052172,0.1756687416151787,0.10133331951219593,0.17064144320708377,0.24528955931115587,0.3227738113583958,0.007477153143173654,-0.006260749914000718,-0.008256004366812175,0.0017087007039846558,0.004526462395543218,0.01073340210696383,0.024471305164138202,0.016501854546152828,0.012843854196655569,0.002792738528124561,0.0033915374185947977,6.0,7.0,6.0,-1.0,1.0,2.0,2.0,1.0,3.0,5.0,4.0,-1.0,1.0,2.0,1.0,0.0,5.0,3.0,3.0,-2.0,0.47438494724245217,-0.43437240855768705,0.1886793893162062,0.29917664037572617,-1.1638428399219387,2022-06-26
2022-06-26,5.0,1.0,2.0,2.0,3.0,2.6,False,14856.0,0.002632111763514855,0.010198145231227097,1.0,3.0,0.3516256722311179,0.3333333333333333,1.3862943611198906,2.6,-1.1638428399219387,train,-1.1638428399219387,-0.6887560869004732,-0.25438367834278613,1.3794360850427376,1.2421675299573618,-1.9859825637273887,-0.4750867530214655,-0.9094591615791525,-2.4060103698793007,-0.926299463411206,-0.18188663003061512,0.21222756175356963,2.6,3.2,3.8,3.6,2.2,0.0,-0.6000000000000001,-1.0,2.6,3.05,3.125,0.27202715480234474,0.06925573161182301,0.09635841318716602,0.5435169376432896,0.014716709498316,0.07959851742877316,0.2823699406192949,-0.19189126541217166,0.31182641351673124,0.19731674295811297,0.36488743169999605,0.018210555250137483,0.007477153143173654,-0.006260749914000718,-0.008256004366812175,0.006447140381282468,-0.015578443486622628,-0.004845041379658799,0.01088811613032703,0.01042133350682617,0.0055147675607063185,0.002914658841373846,5.0,6.0,6.0,0.0,2.0,1.0,2.0,-1.0,2.0,3.0,5.0,0.0,1.0,1.0,2.0,1.0,3.0,5.0,3.0,0.0,1.3545301560375635,-0.4750867530214655,0.225707422896479,0.5529263158457951,-1.4967549286007742,2022-07-03
2022-07-03,5.0,1.0,2.0,2.0,2.0,2.4,False,14985.0,0.008683360258481487,0.006520533187478914,1.0,3.0,0.2826098452011744,0.3333333333333333,1.3862943611198906,2.4,-1.4967549286007742,train,-1.4967549286007742,-1.1638428399219387,-0.6887560869004732,-0.25438367834278613,1.3794360850427376,0.6059104565233893,-0.3329120886788355,-0.807998841700301,-2.8761910136435116,-1.3302988842613566,-0.9009343834414931,-0.0506056113869508,2.6,2.6,3.2,3.8,3.0,-0.20000000000000018,-0.20000000000000018,-1.4,2.5,2.7,3.05,0.3516256722311179,0.27202715480234474,0.06925573161182301,0.09635841318716602,0.9564261436462402,-0.06901582702994352,0.010582690398829642,0.18625143201400834,0.317117758716146,0.24387960096161504,0.2806603943943628,0.002632111763514855,0.018210555250137483,0.007477153143173654,-0.006260749914000718,-0.002204160352665685,0.006051248494966632,-0.009527194991655996,0.014944110172482206,0.005657736010998171,0.00925079510382687,0.004275598917767243,5.0,5.0,7.0,0.0,1.0,2.0,2.0,0.0,2.0,2.0,5.0,0.0,2.0,1.0,2.0,0.0,3.0,3.0,3.0,-1.0,2.2402753162907088,-0.3329120886788355,0.11083045878850482,0.498287809520825,0.3813616037195971,2022-07-10
2022-07-10,6.0,1.0,2.0,5.0,2.0,3.2,False,14967.0,-0.001201201201201152,0.008462112060455891,0.0,2.0,0.9947103559970856,1.0,1.0986122886681098,3.2,0.3813616037195971,train,0.3813616037195971,-1.4967549286007742,-1.1638428399219387,-0.6887560869004732,-0.25438367834278613,0.21396757326110633,1.8781165323203712,1.5452044436415358,0.6357452820623832,-0.5576966624405886,-0.7419980629258973,-0.02968135757963946,2.4,2.6,2.6,3.2,3.0,0.8000000000000003,0.6000000000000001,0.0,2.8,2.7,3.0749999999999997,0.2826098452011744,0.3516256722311179,0.27202715480234474,0.06925573161182301,0.45919556518783794,0.7121005107959112,0.6430846837659676,0.9254546243852626,0.6386601005991298,0.4752432570579307,0.3475997432455188,0.008683360258481487,0.002632111763514855,0.018210555250137483,0.007477153143173654,0.0100096645036587,-0.00988456145968264,-0.003833312964716007,-0.008678354344374806,0.0037410795286401677,0.0070812065177331684,0.0028742407046597612,5.0,5.0,6.0,1.0,1.0,1.0,1.0,0.0,2.0,2.0,3.0,0.0,2.0,2.0,1.0,3.0,2.0,3.0,5.0,0.0,0.145436672791583,1.8781165323203712,3.527321708975096,0.7162415327379853,-0.554682610521055,2022-07-17
2022-07-17,5.0,2.0,2.0,2.0,2.0,2.6,False,14994.0,0.0018039687312085828,0.00414386440891501,1.0,7.0,0.47799904072391136,0.5714285714285714,2.0794415416798357,2.6,-0.554682610521055,train,-0.554682610521055,0.3813616037195971,-1.4967549286007742,-1.1638428399219387,-0.6887560869004732,0.3633214544091601,-0.9360442142406522,0.9420723180797191,0.13407347637941813,-0.08666050340072895,-0.7084796938310427,-0.14443186569591634,3.2,2.4,2.6,2.6,3.2,-0.6000000000000001,0.20000000000000018,0.0,2.9000000000000004,2.7,3.0,0.9947103559970856,0.2826098452011744,0.3516256722311179,0.27202715480234474,0.1706938352901488,-0.5167113152731742,0.19538919552273698,0.20597188592156662,0.7363546983604983,0.5267362285383224,0.3860128939247391,-0.001201201201201152,0.008683360258481487,0.002632111763514855,0.018210555250137483,0.0017087007039846558,0.0030051699324097347,-0.0068793915272729045,-0.0164065865189289,0.00030138376500371544,0.0029795598880009433,0.002886149208062752,6.0,5.0,5.0,-1.0,1.0,1.0,2.0,1.0,2.0,2.0,2.0,0.0,5.0,2.0,1.0,-3.0,2.0,2.0,3.0,0.0,0.30767279841445244,-0.9360442142406522,0.8761787710134,0.5192074483181347,-1.4088327203792956,2022-07-24
2022-07-24,4.0,1.0,3.0,2.0,2.0,2.4,False,14991.0,-0.0002000800320127727,0.004453421865954691,0.0,4.0,0.6504760701209307,0.75,1.6094379124341003,2.4,-1.4088327203792956,train,-1.4088327203792956,-0.554682610521055,0.3813616037195971,-1.4967549286007742,-1.1638428399219387,1.2421675299573618,-0.8541501098582406,-1.7901943240988927,-0.24498988045735692,-0.9817576654501753,-0.769727163945382,-0.47580689698799855,2.6,3.2,2.4,2.6,3.6,-0.20000000000000018,-0.8000000000000003,-0.20000000000000018,2.5,2.6500000000000004,2.85,0.47799904072391136,0.9947103559970856,0.2826098452011744,0.3516256722311179,0.5435169376432896,0.1724770293970193,-0.3442342858761549,0.29885039788981277,0.5642375554224208,0.6014488280107755,0.39938278548444417,0.0018039687312085828,-0.001201201201201152,0.008683360258481487,0.002632111763514855,-0.008256004366812175,-0.0020040487632213555,0.0010011211691883792,-0.0028321917955276277,0.0008019443495979051,0.0022715119391190364,0.0038931397499126774,5.0,6.0,5.0,-1.0,2.0,1.0,1.0,-1.0,2.0,2.0,2.0,1.0,2.0,5.0,2.0,0.0,2.0,2.0,3.0,0.0,1.9848096340113266,-0.8541501098582406,0.7295724101708444,1.2033546228838592,-0.4293258970233829,2022-07-31
2022-07-31,5.0,1.0,3.0,5.0,2.0,3.2,False,14862.0,-0.008605163097858748,0.004544810226229262,0.0,3.0,0.03415036026854063,0.0,1.3862943611198906,3.2,-0.4293258970233829,train,-0.4293258970233829,-1.4088327203792956,-0.554682610521055,0.3813616037195971,-1.4967549286007742,1.3794360850427376,0.9795068233559128,0.12535671349767213,1.0674290315773913,-0.9190793087013392,-0.5028699060510341,-0.7019021447462636,2.4,2.6,3.2,2.4,3.8,0.8000000000000003,0.6000000000000001,0.8000000000000003,2.8,2.85,2.7750000000000004,0.6504760701209307,0.47799904072391136,0.9947103559970856,0.2826098452011744,0.09635841318716602,-0.61632570985239,-0.44384868045537074,-0.24845948493263376,0.34231321519473545,0.5393339567776171,0.39160677886961603,-0.0002000800320127727,0.0018039687312085828,-0.001201201201201152,0.008683360258481487,-0.006260749914000718,-0.008405083065845975,-0.01040913182906733,-0.017288523356340235,-0.00440262156493576,-0.0020506188999660224,0.0036000881019304237,4.0,5.0,5.0,1.0,1.0,2.0,1.0,0.0,3.0,2.0,2.0,0.0,2.0,2.0,2.0,3.0,2.0,2.0,2.0,0.0,0.1843207258549324,0.9795068233559128,0.9594336170007913,-0.42052764557780153,1.6180145629699922,2022-08-07
2022-08-07,9.375,1.0,3.0,3.0,2.0,3.675,False,14889.0,0.0018167137666531552,0.004963993648140552,1.0,2.0,0.9015533328056335,1.0,1.0986122886681098,3.8,1.6180145629699922,train,1.6180145629699922,-0.4293258970233829,-1.4088327203792956,-0.554682610521055,0.3813616037195971,-0.25438367834278613,2.047340459993375,3.026847283349288,1.2366529592503952,0.5943443329733047,-0.1937066662384353,-0.46785236458216634,3.2,2.4,2.6,3.2,3.2,0.47499999999999964,1.275,0.47499999999999964,3.4375,2.96875,2.834375,0.03415036026854063,0.6504760701209307,0.47799904072391136,0.9947103559970856,0.06925573161182301,0.8674029725370929,0.2510772626847029,-0.09315702319145203,0.4678518465370869,0.5160447009797541,0.4956439790188424,-0.008605163097858748,-0.0002000800320127727,0.0018039687312085828,-0.001201201201201152,0.007477153143173654,0.010421876864511903,0.002016793798665928,0.003017914967854307,-0.0033942246656027963,-0.0012961401580024456,0.0028925331798653614,5.0,4.0,6.0,4.375,1.0,1.0,1.0,0.0,3.0,3.0,2.0,0.0,5.0,2.0,5.0,-2.0,2.0,2.0,2.0,0.0,2.617971125982975,2.047340459993375,4.191602959125885,3.312626679626964,-0.6049798825685554,2022-08-14
2022-08-14,6.0,1.0,3.0,3.0,1.0,2.8,False,14685.0,-0.01370139028813222,0.0072594585404788855,0.0,2.0,0.4999918134417385,0.5,1.0986122886681098,2.8,-0.6049798825685554,train,-0.6049798825685554,1.6180145629699922,-0.4293258970233829,-1.4088327203792956,-0.554682610521055,-0.6887560869004732,-2.2229944455385477,-0.17565398554517248,-0.05029727204750034,0.5065173402007184,-0.2062809842503104,-0.45738033904067654,3.675,3.2,2.4,2.6,2.6,-0.875,-0.40000000000000036,0.19999999999999973,3.2375,3.01875,2.859375,0.9015533328056335,0.03415036026854063,0.6504760701209307,0.47799904072391136,0.27202715480234474,-0.40156151936389506,0.46584145317319786,0.021992772717827125,0.7007725731236858,0.5215428941592108,0.5241395613487666,0.0018167137666531552,-0.008605163097858748,-0.0002000800320127727,0.0018039687312085828,0.018210555250137483,-0.015518104054785375,-0.005096227190273472,-0.015505359019340803,-0.0059423382607395325,-0.005172479912837646,-0.0010964600124183516,9.375,5.0,5.0,-3.375,1.0,1.0,2.0,0.0,3.0,3.0,2.0,0.0,3.0,5.0,2.0,0.0,2.0,2.0,2.0,-1.0,0.3660006583126631,-2.2229944455385477,4.941704304895235,1.3448669186124615,3.8638266311668397,2022-08-21
2022-08-21,8.0,2.0,3.0,9.0,2.0,4.8,False,14872.0,0.012734082397003688,0.011721721839518761,1.0,1.0,0.987054407596588,1.0,0.6931471805599453,4.8,3.8638266311668397,train,3.8638266311668397,-0.6049798825685554,1.6180145629699922,-0.4293258970233829,-1.4088327203792956,-1.1638428399219387,4.468806513735395,2.245812068196847,5.272659351546135,1.629423374299142,1.1118838536362234,0.17107834484542078,2.8,3.675,3.2,2.4,2.6,2.0,1.125,2.4,3.8,3.6187500000000004,3.134375,0.4999918134417385,0.9015533328056335,0.03415036026854063,0.6504760701209307,0.3516256722311179,0.48706259415484954,0.08550107479095448,0.33657833747565735,0.7435231105191631,0.6056874785281252,0.6035681532694503,-0.01370139028813222,0.0018167137666531552,-0.008605163097858748,-0.0002000800320127727,0.002632111763514855,0.026435472685135908,0.010917368630350532,0.01293416242901646,-0.00048365394556426633,-0.0019389393055835313,0.00016628631676775252,6.0,9.375,4.0,2.0,1.0,1.0,1.0,1.0,3.0,3.0,3.0,0.0,3.0,3.0,2.0,6.0,1.0,2.0,2.0,1.0,14.929156235714089,4.468806513735395,19.9702316572039,17.26669361730266,4.1660059178334095,2022-08-28
2022-08-28,9.375,1.0,3.0,12.125,2.0,5.5,False,14816.0,-0.0037654653039268515,0.011033861178797654,0.0,14.0,0.5088008876981412,0.5714285714285714,2.70805020110221,25.6,4.1660059178334095,train,4.1660059178334095,3.8638266311668397,-0.6049798825685554,1.6180145629699922,-0.4293258970233829,-1.4967549286007742,0.3021792866665698,4.770985800401965,4.5953318148567925,4.014916274500124,2.2607168073504216,0.8789234506496937,4.8,2.8,3.675,3.2,2.4,0.7000000000000002,2.7,2.3,5.15,4.19375,3.521875,0.987054407596588,0.4999918134417385,0.9015533328056335,0.03415036026854063,0.2826098452011744,-0.4782535198984468,0.00880907425640276,0.4746505274296006,0.7479276476473644,0.7243501103855253,0.6318420335815712,0.012734082397003688,-0.01370139028813222,0.0018167137666531552,-0.008605163097858748,0.008683360258481487,-0.01649954770093054,0.009935924984205369,0.004839697793931896,0.004484308546538418,-0.0007290148571005572,-0.0013898168785332898,8.0,6.0,5.0,1.375,2.0,1.0,1.0,-1.0,3.0,3.0,3.0,0.0,9.0,3.0,5.0,3.125,2.0,1.0,2.0,0.0,17.355605307422987,0.3021792866665698,0.09131232129031697,1.258880696499608,5.441016623712129,2022-09-04
2022-09-04,9.375,2.0,4.0,12.125,2.0,5.9,False,14906.0,0.0060745140388769325,0.011554412331255369,1.0,9.0,0.5584239052841439,0.5555555555555556,2.302585092994046,13.6,5.441016623712129,train,5.441016623712129,4.1660059178334095,3.8638266311668397,-0.6049798825685554,1.6180145629699922,0.3813616037195971,1.27501070587872,1.5771899925452897,3.8230020607421373,4.80351127077277,3.216467322535956,1.51138032814876,5.5,4.8,2.8,3.675,3.2,0.40000000000000036,1.1000000000000005,2.2250000000000005,5.7,4.75,3.859375,0.5088008876981412,0.987054407596588,0.4999918134417385,0.9015533328056335,0.9947103559970856,0.04962301758600263,-0.42863050231244415,-0.34312942752148967,0.5336123964911423,0.6385677535051529,0.5773062272424535,-0.0037654653039268515,0.012734082397003688,-0.01370139028813222,0.0018167137666531552,-0.001201201201201152,0.009839979342803784,-0.006659568358126755,0.004257800272223777,0.0011545243674750405,0.0003354352109553871,-0.0004803524735235293,9.375,8.0,9.375,0.0,1.0,2.0,1.0,1.0,3.0,3.0,3.0,1.0,12.125,9.0,3.0,0.0,2.0,2.0,2.0,0.0,29.60466189951174,1.27501070587872,1.6256523001053516,6.937354446097052,4.622073902159594,2022-09-11
2022-09-11,7.0,2.0,4.0,12.125,2.0,5.425,False,14832.0,-0.004964443848114897,0.008415977317717396,0.0,3.0,0.8785918752352396,1.0,1.3862943611198906,5.8,4.622073902159594,train,4.622073902159594,5.441016623712129,4.1660059178334095,3.8638266311668397,-0.6049798825685554,-0.554682610521055,-0.8189427215525358,0.4560679843261841,5.227053784728149,5.031545262935861,4.523230768717993,2.1584748922338415,5.9,5.5,4.8,2.8,2.6,-0.47500000000000053,-0.07500000000000018,2.625,5.6625,5.40625,4.2125,0.5584239052841439,0.5088008876981412,0.987054407596588,0.4999918134417385,0.47799904072391136,0.32016796995109575,0.3697909875370984,0.37860006179350114,0.7185078902596915,0.7332177689535282,0.6273803315563695,0.0060745140388769325,-0.0037654653039268515,0.012734082397003688,-0.01370139028813222,0.0018039687312085828,-0.01103895788699183,-0.0011989785441880452,0.008736946440017324,0.0005550350953810179,0.002519671820959718,-0.0013264040459389642,9.375,9.375,6.0,-2.375,2.0,1.0,1.0,0.0,4.0,3.0,3.0,0.0,12.125,12.125,3.0,0.0,2.0,2.0,1.0,0.0,21.36356715702481,-0.8189427215525358,0.6706671811838741,-3.7852137806515267,3.891343563497701,2022-09-18
2022-09-18,6.0,2.0,4.0,10.0,5.0,5.4,False,14974.0,0.009573894282632223,0.0071976198966559645,1.0,1.0,0.0016623577103018,0.0,0.6931471805599453,5.8,3.891343563497701,train,3.891343563497701,4.622073902159594,5.441016623712129,4.1660059178334095,3.8638266311668397,-1.4088327203792956,-0.7307303386618926,-1.5496730602144284,0.027516932330861277,4.256708732828647,4.5301100018007086,2.8209969277184657,5.425,5.9,5.5,4.8,2.4,-0.024999999999999467,-0.5,0.6000000000000005,5.4125,5.55625,4.5875,0.8785918752352396,0.5584239052841439,0.5088008876981412,0.987054407596588,0.6504760701209307,-0.8769295175249379,-0.5567615475738421,-0.9853920498862863,0.4401271164727705,0.48686975648195663,0.5462786175050409,-0.004964443848114897,0.0060745140388769325,-0.0037654653039268515,0.012734082397003688,-0.0002000800320127727,0.01453833813074712,0.00349938024375529,-0.003160188114371465,0.002304725217258663,0.0017296247923668517,-0.0001046572566083398,7.0,9.375,8.0,-1.0,2.0,2.0,2.0,0.0,4.0,4.0,3.0,0.0,12.125,12.125,9.0,-2.125,2.0,2.0,2.0,3.0,15.142554729174986,-0.7307303386618926,0.5339668278409243,-2.8435228000044512,4.209290368699606,2022-09-25
2022-09-25,6.0,2.0,4.0,11.0,4.0,5.4,False,15068.0,0.006277547749432344,0.00634269282428596,1.0,2.0,0.503769036848098,0.5,1.0986122886681098,5.4,4.209290368699606,train,4.209290368699606,3.891343563497701,4.622073902159594,5.441016623712129,4.1660059178334095,-0.4293258970233829,0.3179468052019052,-0.4127835334599874,0.0432844508661967,4.050316966098654,4.5409311145172575,3.400823960933839,5.4,5.425,5.9,5.5,3.2,0.0,-0.024999999999999467,-0.09999999999999964,5.4,5.53125,4.8625,0.0016623577103018,0.8785918752352396,0.5584239052841439,0.5088008876981412,0.03415036026854063,0.5021066791377963,-0.3748228383871416,-0.005031850850043207,0.2527156972791997,0.48561179376944585,0.6049809520774856,0.009573894282632223,-0.004964443848114897,0.0060745140388769325,-0.0037654653039268515,-0.008605163097858748,-0.0032963465331998787,0.01124199159754724,0.010043013053359195,0.007925721016032283,0.004240378055706651,0.0017556815993030467,6.0,7.0,9.375,0.0,2.0,2.0,1.0,0.0,4.0,4.0,3.0,0.0,10.0,12.125,12.125,1.0,5.0,2.0,2.0,-1.0,17.718125408027266,0.3179468052019052,0.10109017093809826,1.3383304248951895,3.658375546744019,2022-10-02
2022-10-02,6.0,2.0,4.0,10.0,3.0,5.0,False,15247.0,0.011879479692062711,0.007466741128428498,1.0,3.0,0.6478550424799323,0.6666666666666666,1.3862943611198906,5.0,3.658375546744019,train,3.658375546744019,4.209290368699606,3.891343563497701,4.622073902159594,5.441016623712129,1.6180145629699922,-0.5509148219555873,-0.23296801675368206,-1.7826410769681105,3.9338329577218127,4.0952708452752296,3.655869083905593,5.4,5.4,5.425,5.9,3.675,-0.40000000000000036,-0.40000000000000036,-0.9000000000000004,5.2,5.30625,5.028125,0.503769036848098,0.0016623577103018,0.8785918752352396,0.5584239052841439,0.9015533328056335,0.14408600563183427,0.6461926847696305,0.08943113719578843,0.575812039664015,0.5079695780683929,0.5732686657867729,0.006277547749432344,0.009573894282632223,-0.004964443848114897,0.0060745140388769325,0.0018167137666531552,0.005601931942630367,0.0023055854094304884,0.0058049656531857785,0.009078513720747527,0.005691619469003095,0.003013527339979241,6.0,6.0,9.375,0.0,2.0,2.0,2.0,0.0,4.0,4.0,4.0,0.0,11.0,10.0,12.125,-1.0,4.0,5.0,2.0,-1.0,13.3837116410146,-0.5509148219555873,0.3035071410503564,-2.0154533129811556,1.896187246230055,2022-10-09
2022-10-09,5.0,2.0,4.0,6.0,3.0,4.0,False,15242.0,-0.0003279333639404358,0.0053092903719047955,0.0,4.0,0.7464157767826691,0.75,1.6094379124341003,4.0,1.896187246230055,train,1.896187246230055,3.658375546744019,4.209290368699606,3.891343563497701,4.622073902159594,-0.6049798825685554,-1.7621883005139638,-2.313103122469551,-2.7258866559295383,2.777281396487037,3.4137991812928457,3.968514975005419,5.0,5.4,5.4,5.425,2.8,-1.0,-1.4000000000000004,-1.4249999999999998,4.5,4.95,5.178125,0.6478550424799323,0.503769036848098,0.0016623577103018,0.8785918752352396,0.4999918134417385,0.09856073430273682,0.2426467399345711,-0.1321760984525705,0.6971354096313005,0.47492555345525034,0.6040716612043893,0.011879479692062711,0.006277547749432344,0.009573894282632223,-0.004964443848114897,-0.01370139028813222,-0.012207413056003147,-0.00660548111337278,0.004636510484174461,0.005775773164061138,0.0068507470900467105,0.004685209455503214,6.0,6.0,7.0,-1.0,2.0,2.0,2.0,0.0,4.0,4.0,4.0,0.0,10.0,11.0,12.125,-4.0,3.0,4.0,2.0,0.0,3.5955260727655194,-1.7621883005139638,3.105307606468292,-3.341438980890394,0.8616832068618069,2022-10-16
2022-10-16,5.0,2.0,4.0,4.0,3.0,3.6,False,15470.0,0.014958666841621726,0.006724075672464461,1.0,8.0,0.19504000805318353,0.125,2.1972245773362196,3.6,0.8616832068618069,train,0.8616832068618069,1.896187246230055,3.658375546744019,4.209290368699606,3.891343563497701,3.8638266311668397,-1.0345040393682483,-2.796692339882212,-3.029660356635894,1.378935226545931,2.6563840921338717,3.59324704696729,4.0,5.0,5.4,5.4,4.8,-0.3999999999999999,-1.4,-1.8000000000000003,3.8,4.5,5.028125,0.7464157767826691,0.6478550424799323,0.503769036848098,0.0016623577103018,0.987054407596588,-0.5513757687294856,-0.45281503442674875,0.19337765034288174,0.4707278924179261,0.5232699660409708,0.5050698612614637,-0.0003279333639404358,0.011879479692062711,0.006277547749432344,0.009573894282632223,0.012734082397003688,0.015286600205562162,0.003079187149559015,0.0053847725589895035,0.007315366738840645,0.008196940229794086,0.004963282511080469,5.0,6.0,6.0,0.0,2.0,2.0,2.0,0.0,4.0,4.0,4.0,0.0,6.0,10.0,10.0,-2.0,3.0,3.0,5.0,0.0,0.7424979489876474,-1.0345040393682483,1.0701986074692222,-0.8914147581543251,1.443291161701492,2022-10-23
2022-10-23,5.0,2.0,4.0,4.0,3.0,3.6,False,15621.0,0.009760827407886197,0.006617349601979816,1.0,2.0,0.8662428855895996,1.0,1.0986122886681098,3.6,1.443291161701492,train,1.443291161701492,0.8616832068618069,1.896187246230055,3.658375546744019,4.209290368699606,4.1660059178334095,0.5816079548396852,-0.452896084528563,-2.765999206998114,1.1524871842816493,1.9648842903843433,3.2529077024508006,3.6,4.0,5.0,5.4,5.5,0.0,-0.3999999999999999,-1.8000000000000003,3.6,4.05,4.790625,0.19504000805318353,0.7464157767826691,0.6478550424799323,0.503769036848098,0.5088008876981412,0.671202877536416,0.11982710880693048,0.36247384874150157,0.5306414468213914,0.6138884282263462,0.549750110997896,0.014958666841621726,-0.0003279333639404358,0.011879479692062711,0.006277547749432344,-0.0037654653039268515,-0.005197839433735529,0.010088760771826633,0.003483279658453853,0.012359747124753961,0.00906776014440755,0.0066540691000571,5.0,5.0,6.0,0.0,2.0,2.0,2.0,0.0,4.0,4.0,4.0,0.0,4.0,6.0,11.0,0.0,3.0,3.0,4.0,0.0,2.0830893774456425,0.5816079548396852,0.3382678131328013,0.8394296207953982,2.2229169123111667,2022-10-30
2022-10-30,6.0,1.0,4.0,8.0,4.0,4.6,False,15558.0,-0.004033032456308816,0.008789974146696298,0.0,3.0,0.3951294510625303,0.3333333333333333,1.3862943611198906,4.6,2.2229169123111667,train,2.2229169123111667,1.443291161701492,0.8616832068618069,1.896187246230055,3.658375546744019,5.441016623712129,0.7796257506096747,1.3612337054493597,-1.4354586344328522,1.8331040370063292,1.6060196317761304,2.85064523852568,3.6,3.6,4.0,5.0,5.9,0.9999999999999996,0.9999999999999996,-0.40000000000000036,4.1,3.95,4.628125,0.8662428855895996,0.19504000805318353,0.7464157767826691,0.6478550424799323,0.5584239052841439,-0.47111343452706933,0.20008944300934675,-0.25272559141740203,0.6306861683260647,0.5507070303719956,0.5293383042201943,0.009760827407886197,0.014958666841621726,-0.0003279333639404358,0.011879479692062711,0.0060745140388769325,-0.013793859864195013,-0.018991699297930542,-0.015912512148371527,0.0028638974757886904,0.005089632107314668,0.0053906257881588815,5.0,5.0,6.0,1.0,2.0,2.0,2.0,-1.0,4.0,4.0,4.0,0.0,4.0,4.0,10.0,4.0,3.0,3.0,3.0,1.0,4.941359599039012,0.7796257506096747,0.6078163110136986,1.7330432663035338,1.5591224303761289,2022-11-06
2022-11-06,5.0,2.0,4.0,4.0,4.0,3.8,False,15693.0,0.008677207867335168,0.008063053155153948,1.0,6.0,0.7492110878229141,0.6666666666666666,1.9459101490553132,3.8,1.5591224303761289,train,1.5591224303761289,2.2229169123111667,1.443291161701492,0.8616832068618069,1.896187246230055,4.622073902159594,-0.6637944819350379,0.11583126867463678,-0.3370648158539262,1.8910196713436476,1.5217534278126488,2.4677763045527468,4.6,3.6,3.6,4.0,5.425,-0.7999999999999998,0.19999999999999973,-0.20000000000000018,4.199999999999999,3.9,4.425,0.3951294510625303,0.8662428855895996,0.19504000805318353,0.7464157767826691,0.8785918752352396,0.35408163676038384,-0.11703179776668549,0.0027953110402449965,0.572170269442722,0.5514058581320569,0.5131657057936536,-0.004033032456308816,0.009760827407886197,0.014958666841621726,-0.0003279333639404358,-0.004964443848114897,0.012710240323643984,-0.0010836195405510285,0.009005141231275604,0.002322087705513176,0.007340917415133569,0.00709583225259014,6.0,5.0,5.0,-1.0,1.0,2.0,2.0,1.0,4.0,4.0,4.0,0.0,8.0,4.0,6.0,-4.0,4.0,3.0,3.0,0.0,2.430862752901967,-0.6637944819350379,0.4406231142474053,-1.0349368659448197,1.049157844713047,2022-11-13
2022-11-13,6.0,1.0,4.0,4.0,5.0,4.0,False,15502.0,-0.012171031670171417,0.010547027922533276,0.0,1.0,0.0792244523763656,0.0,0.6931471805599453,4.4,1.049157844713047,train,1.049157844713047,1.5591224303761289,2.2229169123111667,1.443291161701492,0.8616832068618069,3.891343563497701,-0.5099645856630819,-1.1737590675981198,0.18747463785124008,1.3041401375445876,1.5686220872754586,2.1125030897046653,3.8,4.6,3.6,3.6,5.4,0.20000000000000018,-0.5999999999999996,0.3999999999999999,3.9,4.0,4.25,0.7492110878229141,0.3951294510625303,0.8662428855895996,0.19504000805318353,0.0016623577103018,-0.6699866354465485,-0.3159049986861647,-0.11581555567681792,0.41421777009963967,0.5224519692128524,0.5228609676269116,0.008677207867335168,-0.004033032456308816,0.009760827407886197,0.014958666841621726,0.009573894282632223,-0.020848239537506585,-0.008137999213862601,-0.027129698511793143,-0.0017469119014181245,0.000558492787185283,0.004377716508489685,5.0,6.0,5.0,1.0,2.0,1.0,2.0,-1.0,4.0,4.0,4.0,0.0,4.0,8.0,4.0,0.0,4.0,4.0,3.0,1.0,1.100732183122926,-0.5099645856630819,0.2600638786305188,-0.535033345574261,1.3973224070576915,2022-11-20
2022-11-20,5.0,2.0,4.0,3.0,5.0,3.8,False,15651.0,0.009611663011224403,0.010503820894097852,1.0,7.0,0.4432770721115438,0.5714285714285714,2.0794415416798357,3.8,1.3973224070576915,train,1.3973224070576915,1.049157844713047,1.5591224303761289,2.2229169123111667,1.443291161701492,4.209290368699606,0.34816456234464455,-0.16180002331843735,-0.04596875464380057,1.223240125885369,1.5571298986145083,1.7610070944994258,4.0,3.8,4.6,3.6,5.4,-0.20000000000000018,0.0,0.19999999999999973,3.9,4.05,4.05,0.0792244523763656,0.7492110878229141,0.3951294510625303,0.8662428855895996,0.503769036848098,0.3640526197351782,-0.3059340157113703,-0.4229658134780558,0.2612507622439545,0.4167105158433384,0.5152994720348423,-0.012171031670171417,0.008677207867335168,-0.004033032456308816,0.009760827407886197,0.006277547749432344,0.02178269468139582,0.0009344551438892346,-0.00014916439666179393,-0.0012796843294735072,0.0005212016880198345,0.004794480916213692,6.0,5.0,5.0,-1.0,1.0,2.0,2.0,1.0,4.0,4.0,4.0,0.0,4.0,4.0,4.0,-1.0,5.0,4.0,3.0,0.0,1.952509909265501,0.34816456234464455,0.12121856247263788,0.4864981443076064,2.8899581500233147,2022-11-27
2022-11-27,6.0,2.0,4.0,6.0,4.0,4.4,False,15693.0,0.0026835345984281833,0.010060605131729258,1.0,3.0,0.9973301887512207,1.0,1.3862943611198906,4.4,2.8899581500233147,train,2.8899581500233147,1.3973224070576915,1.049157844713047,1.5591224303761289,2.2229169123111667,3.658375546744019,1.4926357429656232,1.8408003053102677,0.667041237712148,2.1436402785405027,1.7238902080425453,1.6649549199093379,3.8,4.0,3.8,4.6,5.0,0.6000000000000005,0.40000000000000036,-0.1999999999999993,4.1,4.0,3.975,0.4432770721115438,0.0792244523763656,0.7492110878229141,0.3951294510625303,0.6478550424799323,0.5540531166396769,0.918105736374855,0.6022007376886904,0.720303630431382,0.567260700265511,0.5589838653187533,0.009611663011224403,-0.012171031670171417,0.008677207867335168,-0.004033032456308816,0.011879479692062711,-0.0069281284127962195,0.0148545662685996,0.006716567054736999,0.006147598804826293,0.0022003434517040843,0.003644987779509376,5.0,6.0,6.0,1.0,2.0,1.0,1.0,0.0,4.0,4.0,4.0,0.0,3.0,4.0,8.0,3.0,5.0,5.0,4.0,-1.0,8.35185810888618,1.4926357429656232,2.227961461178538,4.313654830399608,1.7597698223223217,2022-12-04
2022-12-04,6.0,2.0,5.0,4.0,3.0,4.0,False,15354.0,-0.02160198814758174,0.014130830547968315,0.0,5.0,0.41097504294011744,0.4,1.791759469228055,4.2,1.7597698223223217,train,1.7597698223223217,2.8899581500233147,1.3973224070576915,1.049157844713047,1.5591224303761289,1.896187246230055,-1.130188327700993,0.3624474152646302,0.20064739194619285,2.3248639861728178,1.7740520560290938,1.6479027419208712,4.4,3.8,4.0,3.8,4.0,-0.40000000000000036,0.20000000000000018,0.20000000000000018,4.2,4.05,3.975,0.9973301887512207,0.4432770721115438,0.0792244523763656,0.7492110878229141,0.7464157767826691,-0.5863551458111033,-0.03230202917142638,-0.3382360448827967,0.7041526158456688,0.48270168904481187,0.5170537735884344,0.0026835345984281833,0.009611663011224403,-0.012171031670171417,0.008677207867335168,-0.0003279333639404358,-0.024285522746009924,-0.031213651158806144,-0.03027919601491691,-0.009459226774576779,-0.005369455552025143,0.0009857309315542129,6.0,5.0,5.0,0.0,2.0,2.0,2.0,0.0,4.0,4.0,4.0,1.0,6.0,3.0,4.0,-2.0,4.0,5.0,4.0,-1.0,3.0967898275563357,-1.130188327700993,1.2773256560715671,-1.9888713126291384,-0.048326527056117244,2022-12-11
2022-12-11,4.0,2.0,3.0,3.0,3.0,3.0,False,15582.0,0.014849550605705364,0.016114795702601315,1.0,4.0,0.3778736333333653,0.5,1.6094379124341003,3.0,-0.048326527056117244,train,-0.048326527056117244,1.7597698223223217,2.8899581500233147,1.3973224070576915,1.049157844713047,0.8616832068618069,-1.808096349378439,-2.938284677079432,-1.0974843717691642,0.8557216476331018,1.4996809630868027,1.5341515251811306,4.0,4.4,3.8,4.0,3.6,-1.0,-1.4000000000000004,-1.0,3.5,3.8,3.9,0.41097504294011744,0.9973301887512207,0.4432770721115438,0.0792244523763656,0.19504000805318353,-0.03310140960675212,-0.6194565554178554,0.2986491809569997,0.39442433813674116,0.5573639842840619,0.5399079767484571,-0.02160198814758174,0.0026835345984281833,0.009611663011224403,-0.012171031670171417,0.014958666841621726,0.036451538753287105,0.01216601600727718,0.02702058227587678,-0.0033762187709381886,0.0013856900169440522,0.0009720914020646676,6.0,6.0,6.0,-2.0,2.0,2.0,1.0,0.0,5.0,4.0,4.0,-2.0,4.0,6.0,4.0,-1.0,3.0,4.0,5.0,0.0,0.002335453217305632,-1.808096349378439,3.2692124086356382,0.08737901714830396,-1.706965173355309,2022-12-18
2022-12-18,4.0,1.0,3.0,2.0,2.0,2.4,False,15609.0,0.0017327685791297398,0.015231486128711686,1.0,5.0,0.2612628468661569,0.2,1.791759469228055,2.4,-1.706965173355309,train,-1.706965173355309,-0.048326527056117244,1.7597698223223217,2.8899581500233147,1.3973224070576915,1.443291161701492,-1.6586386462991918,-3.4667349956776308,-3.1042875804130006,-0.8776458502057136,0.7236090679835525,1.1403694832990303,3.0,4.0,4.4,3.8,3.6,-0.6000000000000001,-1.6,-1.4,2.7,3.4499999999999997,3.75,0.3778736333333653,0.41097504294011744,0.9973301887512207,0.4432770721115438,0.8662428855895996,-0.1166107864672084,-0.14971219607396052,-0.1820142252453869,0.3195682400997609,0.511860427972715,0.46428547190802677,0.014849550605705364,-0.02160198814758174,0.0026835345984281833,0.009611663011224403,0.009760827407886197,-0.013116782026575624,0.02333475672671148,-0.007878894432094663,0.008291159592417552,-0.0005840335910796135,-3.141595152988952e-05,4.0,6.0,5.0,0.0,2.0,2.0,2.0,-1.0,3.0,5.0,4.0,0.0,3.0,4.0,3.0,-1.0,3.0,3.0,5.0,-1.0,2.91373010304792,-1.6586386462991918,2.751082158997215,2.831238404413915,-1.662259360334169,2022-12-25
2022-12-25,4.0,1.0,3.0,2.0,2.0,2.4,False,15599.0,-0.0006406560317765431,0.015083745693722006,0.0,8.0,0.40247915928193834,0.375,2.1972245773362196,2.4,-1.662259360334169,train,-1.662259360334169,-1.706965173355309,-0.048326527056117244,1.7597698223223217,2.8899581500233147,2.2229169123111667,0.04470581302113996,-1.6139328332780518,-4.552217510357484,-1.6846122668447396,-0.41444530960581843,0.6547224492183634,2.4,3.0,4.0,4.4,4.6,0.0,-0.6000000000000001,-2.0000000000000004,2.4,2.9499999999999997,3.4749999999999996,0.2612628468661569,0.3778736333333653,0.41097504294011744,0.9973301887512207,0.3951294510625303,0.14121631241578142,0.024605525948573015,-0.5948510294692824,0.3318710030740474,0.3631476706053945,0.4652041854354528,0.0017327685791297398,0.014849550605705364,-0.02160198814758174,0.0026835345984281833,-0.004033032456308816,-0.002373424610906283,-0.015490206637481907,-0.0033241906302047264,0.0005460562736765984,-0.001415081248630795,0.0003926311015366446,4.0,4.0,6.0,0.0,1.0,2.0,2.0,0.0,3.0,3.0,4.0,0.0,2.0,3.0,6.0,0.0,2.0,3.0,4.0,0.0,2.763106181018561,0.04470581302113996,0.0019986097178811275,-0.07431265615573908,2.2467196185492733,2023-01-01
2023-01-01,5.0,1.0,3.0,12.125,3.0,4.825,False,15488.0,-0.007115840759023051,0.00922105353283605,0.0,1.0,0.0105825662612915,0.0,0.6931471805599453,5.2,2.2467196185492733,train,2.2467196185492733,-1.662259360334169,-1.706965173355309,-0.048326527056117244,1.7597698223223217,1.5591224303761289,3.908978978883442,3.9536847919045823,0.48694979622695156,0.29223012910755175,-0.2927078605490806,0.7406720977400065,2.4,2.4,3.0,4.0,3.8,2.4250000000000003,2.4250000000000003,0.8250000000000002,3.6125,3.15625,3.6031250000000004,0.40247915928193834,0.2612628468661569,0.3778736333333653,0.41097504294011744,0.7492110878229141,-0.39189659302064683,-0.2506802806048654,-0.40039247667882594,0.2065308627716147,0.26304955143568803,0.37287562024024995,-0.0006406560317765431,0.0017327685791297398,0.014849550605705364,-0.02160198814758174,0.008677207867335168,-0.006475184727246508,-0.00884860933815279,0.01448614738855869,-0.003878248395399797,0.0022064555985088774,-0.0015814999767581328,4.0,4.0,6.0,1.0,1.0,1.0,2.0,0.0,3.0,3.0,5.0,0.0,2.0,2.0,4.0,10.125,2.0,2.0,3.0,1.0,5.047749044374192,3.908978978883442,15.280116657352638,8.782379760354134,0.908865791289177,2023-01-08
2023-01-08,5.0,2.0,4.0,4.0,3.0,3.6,False,15684.0,0.012654958677685846,0.008230082858396714,1.0,1.0,0.1712716966867447,0.0,0.6931471805599453,3.6,0.908865791289177,train,0.908865791289177,2.2467196185492733,-1.662259360334169,-1.706965173355309,-0.048326527056117244,1.049157844713047,-1.3378538272600964,2.571125151623346,0.9571923183452943,1.5777927049192249,-0.053409780962756975,0.7231355910620229,4.825,2.4,2.4,3.0,4.0,-1.225,1.2000000000000002,0.6000000000000001,4.2125,3.30625,3.553125,0.0105825662612915,0.40247915928193834,0.2612628468661569,0.3778736333333653,0.0792244523763656,0.16068913042545319,-0.23120746259519365,-0.20660193664662063,0.09092713147401787,0.21139906727403285,0.38438152577904733,-0.007115840759023051,-0.0006406560317765431,0.0017327685791297398,0.014849550605705364,-0.012171031670171417,0.019770799436708897,0.013295614709462389,-0.002194591928019518,0.0027695589593313974,0.0016578076165039979,0.001521748816724025,5.0,4.0,4.0,0.0,1.0,1.0,2.0,1.0,3.0,3.0,3.0,1.0,12.125,2.0,3.0,-8.125,3.0,2.0,3.0,0.0,0.8260370265757019,-1.3378538272600964,1.7898528631144879,-1.2159295773420014,0.3222397537384695,2023-01-15
2023-01-15,4.0,2.0,4.0,4.0,3.0,3.4,False,15177.0,-0.032325937260902826,0.01886878575355355,0.0,5.0,0.13969697509892282,0.2,1.791759469228055,3.4,0.3222397537384695,train,0.3222397537384695,0.908865791289177,2.2467196185492733,-1.662259360334169,-1.706965173355309,1.3973224070576915,-0.5866260375507075,-1.9244798648108037,2.0292049270937786,0.6155527725138228,0.4538914508106877,0.5887502593971201,3.6,4.825,2.4,2.4,3.8,-0.20000000000000018,-1.4250000000000003,1.0,3.5000000000000004,3.55625,3.5031250000000003,0.1712716966867447,0.0105825662612915,0.40247915928193834,0.2612628468661569,0.4432770721115438,-0.031574721587821875,0.1291144088376313,-0.1215658717672341,0.15548433589283353,0.18100759933222435,0.34643401365246973,0.012654958677685846,-0.007115840759023051,-0.0006406560317765431,0.0017327685791297398,0.009611663011224403,-0.04498089593858867,-0.025210096501879775,-0.034058705840032566,-0.00983548929160849,-0.006856868843504144,-0.0037204512172918786,5.0,5.0,4.0,-1.0,2.0,1.0,1.0,0.0,4.0,3.0,3.0,0.0,4.0,12.125,2.0,0.0,3.0,3.0,2.0,0.0,0.10383845888942948,-0.5866260375507075,0.34413010793244414,-0.18903422987691418,1.4724196983532243,2023-01-22
2023-01-22,5.0,2.0,5.0,3.0,3.0,3.6,False,15119.0,-0.0038215721157014437,0.01858436076528144,0.0,1.0,0.997217893600464,1.0,0.6931471805599453,3.6,1.4724196983532243,train,1.4724196983532243,0.3222397537384695,0.908865791289177,2.2467196185492733,-1.662259360334169,2.8899581500233147,1.1501799446147547,0.5635539070640473,3.1346790586873934,0.8973297260458464,1.2375612154825362,0.41155795293835873,3.4,3.6,4.825,2.4,4.4,0.20000000000000018,0.0,1.2000000000000002,3.5000000000000004,3.8562499999999997,3.4031249999999997,0.13969697509892282,0.1712716966867447,0.0105825662612915,0.40247915928193834,0.9973301887512207,0.8575209185015411,0.8259461969137193,0.5947387343185256,0.5684574343496932,0.32969228291185576,0.3464199767586251,-0.032325937260902826,0.012654958677685846,-0.007115840759023051,-0.0006406560317765431,0.0026835345984281833,0.028504365145201382,-0.01647653079338729,-0.0031809160839249007,-0.018073754688302135,-0.007652097864485369,-0.004533589556558082,4.0,5.0,4.0,1.0,2.0,2.0,1.0,0.0,4.0,4.0,3.0,1.0,4.0,4.0,2.0,-1.0,3.0,3.0,2.0,0.0,2.1680197680986,1.1501799446147547,1.3229139049940002,1.6935476071015854,2.362131601391499,2023-01-29
2023-01-29,5.0,2.0,6.0,6.0,3.0,4.4,False,14985.0,-0.00886302004100803,0.018588087557501107,0.0,6.0,0.5014608365794023,0.5,1.9459101490553132,4.4,2.362131601391499,train,2.362131601391499,1.4724196983532243,0.3222397537384695,0.908865791289177,2.2467196185492733,1.7597698223223217,0.8897119030382747,2.0398918476530294,0.11541198284222576,1.917275649872361,1.2664142111930925,0.4868531753220059,3.6,3.4,3.6,4.825,4.0,0.8000000000000003,1.0000000000000004,-0.4249999999999998,4.000000000000001,3.75,3.453125,0.997217893600464,0.13969697509892282,0.1712716966867447,0.0105825662612915,0.41097504294011744,-0.49575705702106165,0.3617638614804795,0.4908782703181108,0.7493393650899329,0.45241185049138344,0.35773070096353576,-0.0038215721157014437,-0.032325937260902826,0.012654958677685846,-0.007115840759023051,-0.02160198814758174,-0.005041447925306586,0.023462917219894797,-0.0017471792819849785,-0.006342296078354737,-0.008088892684981613,-0.002941218543236368,5.0,4.0,5.0,0.0,2.0,2.0,1.0,0.0,5.0,4.0,3.0,1.0,3.0,4.0,12.125,3.0,3.0,3.0,3.0,0.0,5.579665702292368,0.8897119030382747,0.7915872704079884,2.101616602300878,1.317624950417455,2023-02-05
2023-02-05,5.0,2.0,6.0,3.0,3.0,3.8,False,14915.0,-0.004671338004671344,0.013452052737918071,0.0,7.0,0.379971386814889,0.42857142857142855,2.0794415416798357,3.8,1.317624950417455,train,1.317624950417455,2.362131601391499,1.4724196983532243,0.3222397537384695,0.908865791289177,-0.048326527056117244,-1.044506650974044,-0.1547947479357692,0.4087591591282781,1.8398782759044767,1.368604000975162,0.6575971100062025,4.4,3.6,3.4,3.6,3.0,-0.6000000000000005,0.19999999999999973,0.19999999999999973,4.100000000000001,3.8,3.553125,0.5014608365794023,0.997217893600464,0.13969697509892282,0.1712716966867447,0.3778736333333653,-0.12148944976451331,-0.617246506785575,0.20869969012814432,0.4407161116971454,0.5045867730234195,0.3579929201487262,-0.00886302004100803,-0.0038215721157014437,-0.032325937260902826,0.012654958677685846,0.014849550605705364,0.004191682036336686,-0.0008497658889699,-0.01732629668235719,-0.006767179022839687,-0.01242046685557091,-0.0053813296195334565,5.0,5.0,5.0,0.0,2.0,2.0,2.0,0.0,6.0,5.0,4.0,0.0,6.0,3.0,4.0,-3.0,3.0,3.0,3.0,0.0,1.736135509962601,-1.044506650974044,1.0909941439290132,-1.3762680242003766,1.214562195442766,2023-02-12
2023-02-12,5.0,2.0,6.0,3.0,2.0,3.6,False,15185.0,0.01810258129399922,0.012145548072772646,1.0,2.0,0.5485150665044785,0.5,1.0986122886681098,3.6,1.214562195442766,train,1.214562195442766,1.317624950417455,2.362131601391499,1.4724196983532243,0.3222397537384695,-1.706965173355309,-0.1030627549746892,-1.1475694059487331,0.8923224417042963,1.2660935729301102,1.5916846114012362,1.0227880311059618,3.8,4.4,3.6,3.4,2.4,-0.19999999999999973,-0.8000000000000003,0.20000000000000018,3.700000000000001,3.85,3.703125,0.379971386814889,0.5014608365794023,0.997217893600464,0.13969697509892282,0.2612628468661569,0.16854367968958944,0.04705422992507613,0.40881809140555564,0.4642432266596835,0.6067912958748085,0.3938994476035164,-0.004671338004671344,-0.00886302004100803,-0.0038215721157014437,-0.032325937260902826,0.0017327685791297398,0.022773919298670564,0.02696560133500725,0.050428518554902046,0.006715621644663938,0.00018666278315460083,-0.0033351030301747714,5.0,5.0,4.0,0.0,2.0,2.0,2.0,0.0,6.0,6.0,4.0,0.0,3.0,6.0,4.0,0.0,3.0,3.0,3.0,-1.0,1.4751613265987515,-0.1030627549746892,0.010621931462972823,-0.12517612595043837,0.8406619390309504,2023-02-19
2023-02-19,5.0,2.0,6.0,3.0,2.0,3.6,False,15210.0,0.001646361540994512,0.01184811114066737,1.0,2.0,0.021329239010810852,0.0,1.0986122886681098,3.6,0.8406619390309504,train,0.8406619390309504,1.214562195442766,1.317624950417455,2.362131601391499,1.4724196983532243,-1.662259360334169,-0.37390025641181546,-0.47696301138650465,-0.6317577593222738,1.0276120672368578,1.4337451715706675,1.3356531935266016,3.6,3.8,4.4,3.6,2.4,0.0,-0.19999999999999973,0.0,3.6,3.85,3.8531250000000004,0.5485150665044785,0.379971386814889,0.5014608365794023,0.997217893600464,0.40247915928193834,-0.5271858274936676,-0.35864214780407816,-0.9758886545896531,0.28492215275764443,0.36281913222739515,0.3462557075696255,0.01810258129399922,-0.004671338004671344,-0.00886302004100803,-0.0038215721157014437,-0.0006406560317765431,-0.01645621975300471,0.006317699545665856,0.005467933656695956,0.009874471417496866,0.0015536461973285898,-0.0030492258335783895,5.0,5.0,5.0,0.0,2.0,2.0,2.0,0.0,6.0,6.0,5.0,0.0,3.0,3.0,3.0,0.0,2.0,3.0,3.0,0.0,0.7067124957352774,-0.37390025641181546,0.13980140174482134,-0.31432371455932634,1.629306947511167,2023-02-26
2023-02-26,5.0,2.0,7.0,4.0,2.0,4.0,False,15230.0,0.0013149243918475495,0.009777280248357327,1.0,5.0,0.30515265780268236,0.2,1.791759469228055,4.0,1.629306947511167,train,1.629306947511167,0.8406619390309504,1.214562195442766,1.317624950417455,2.362131601391499,2.2467196185492733,0.7886450084802166,0.4147447520684011,-0.732824653880332,1.2349844432710584,1.2505390081005845,1.2584766096468385,3.6,3.6,3.8,4.4,4.825,0.3999999999999999,0.3999999999999999,-0.40000000000000036,3.8000000000000007,3.75,3.75,0.021329239010810852,0.5485150665044785,0.379971386814889,0.5014608365794023,0.0105825662612915,0.2838234187918715,-0.2433624087017961,-0.19630817877671997,0.16324094840674638,0.31374208753321514,0.3830769690122993,0.001646361540994512,0.01810258129399922,-0.004671338004671344,-0.00886302004100803,-0.007115840759023051,-0.00033143714914696254,-0.01678765690215167,0.010177944432855579,0.0014806429664210308,0.0040981323055424845,-0.0019953801897195644,5.0,5.0,5.0,0.0,2.0,2.0,2.0,0.0,6.0,6.0,6.0,1.0,3.0,3.0,6.0,1.0,2.0,2.0,3.0,0.0,2.654641129208157,0.7886450084802166,0.6219609494007609,1.2849447914368202,1.5232408978551555,2023-03-05
2023-03-05,5.0,2.0,7.0,3.0,2.0,3.8,False,15314.0,0.005515430072225769,0.007872911143902575,1.0,5.0,0.5486689387587831,0.6,1.791759469228055,3.8,1.5232408978551555,train,1.5232408978551555,1.629306947511167,0.8406619390309504,1.214562195442766,1.317624950417455,0.908865791289177,-0.10606604965601152,0.682578958824205,0.2056159474377004,1.5762739226831608,1.3019429949600096,1.3352734979675858,4.0,3.6,3.6,3.8,3.6,-0.20000000000000018,0.19999999999999973,0.0,3.9000000000000012,3.75,3.7750000000000004,0.30515265780268236,0.021329239010810852,0.5485150665044785,0.379971386814889,0.1712716966867447,0.24351628095610073,0.5273396997479722,0.16869755194389408,0.42691079828073253,0.35591647551918865,0.43025162427130414,0.0013149243918475495,0.001646361540994512,0.01810258129399922,-0.004671338004671344,0.012654958677685846,0.004200505680378219,0.0038690685312312567,0.010186768076897113,0.003415177232036659,0.006644824324766763,-0.002887821265402074,5.0,5.0,5.0,0.0,2.0,2.0,2.0,0.0,7.0,6.0,6.0,0.0,4.0,3.0,3.0,-1.0,2.0,2.0,3.0,0.0,2.3202628328985804,-0.10606604965601152,0.0112500068896315,-0.1615641447099725,1.3723703161563776,2023-03-12
2023-03-12,5.0,2.0,7.0,3.0,2.0,3.8,False,15495.0,0.011819250359148548,0.004884418005229701,1.0,3.0,0.2625859719701111,0.3333333333333333,1.3862943611198906,3.8,1.3723703161563776,train,1.3723703161563776,1.5232408978551555,1.629306947511167,0.8406619390309504,1.214562195442766,0.3222397537384695,-0.15087058169877787,-0.2569366313547894,0.15780812071361172,1.447805607005766,1.3413950251384126,1.4665398182698242,3.8,4.0,3.6,3.6,3.4,0.0,-0.20000000000000018,0.19999999999999973,3.8,3.8,3.825,0.5486689387587831,0.30515265780268236,0.021329239010810852,0.5485150665044785,0.13969697509892282,-0.286082966788672,-0.04256668583257128,-0.2859290945343674,0.4056274553644469,0.2844342018855968,0.44561274888020264,0.005515430072225769,0.0013149243918475495,0.001646361540994512,0.01810258129399922,-0.032325937260902826,0.006303820286922779,0.010504325967300998,-0.006283330934850673,0.008667340215687158,0.0050739915910540945,0.0026303271871043477,5.0,5.0,5.0,0.0,2.0,2.0,2.0,0.0,7.0,7.0,6.0,0.0,3.0,4.0,3.0,0.0,2.0,2.0,2.0,0.0,1.8834002846671558,-0.15087058169877787,0.02276193242212761,-0.2070503079046484,-0.537886648047794,2023-03-19
2023-03-19,4.0,1.0,6.0,2.0,2.0,3.0,False,15374.0,-0.007808970635688972,0.008234963247887975,0.0,2.0,0.41190141066908836,0.5,1.0986122886681098,3.0,-0.537886648047794,train,-0.537886648047794,1.3723703161563776,1.5232408978551555,1.629306947511167,0.8406619390309504,1.4724196983532243,-1.9102569642041716,-2.0611275459029494,-1.3785485870787444,0.4172418340542914,0.9967578783687266,1.2152515249696971,3.8,3.8,4.0,3.6,3.6,-0.7999999999999998,-0.7999999999999998,-0.6000000000000001,3.4000000000000012,3.65,3.75,0.2625859719701111,0.5486689387587831,0.30515265780268236,0.021329239010810852,0.997217893600464,0.1493154386989773,-0.13676752808969472,0.3905721716582775,0.3372436913195995,0.3820772448001662,0.3724481885137807,0.011819250359148548,0.005515430072225769,0.0013149243918475495,0.001646361540994512,-0.0038215721157014437,-0.01962822099483752,-0.01332440070791474,-0.009455332176683484,0.0020051398617297878,0.0027101585468832234,0.0021319023721059066,5.0,5.0,5.0,-1.0,2.0,2.0,2.0,-1.0,7.0,7.0,6.0,-1.0,3.0,3.0,3.0,-1.0,2.0,2.0,2.0,0.0,0.28932204614809137,-1.9102569642041716,3.6490816692905375,1.0275017153857366,0.7074889934467438,2023-03-26
2023-03-26,4.0,2.0,6.0,3.0,2.0,3.4,False,15185.0,-0.012293482502927056,0.011259207209108666,0.0,4.0,0.7053227722644806,0.5,1.6094379124341003,3.4,0.7074889934467438,train,0.7074889934467438,-0.537886648047794,1.3723703161563776,1.5232408978551555,1.629306947511167,2.362131601391499,1.2453756414945376,-0.6648813227096338,-0.9218179540644232,0.08480117269947446,0.7663033898526207,1.0084211989766025,3.0,3.8,3.8,4.0,4.4,0.3999999999999999,-0.3999999999999999,-0.6000000000000001,3.200000000000001,3.5,3.625,0.41190141066908836,0.2625859719701111,0.5486689387587831,0.30515265780268236,0.5014608365794023,0.2934213615953922,0.4427368002943695,0.40017011446179823,0.5586120914667843,0.48211977341561574,0.3979309304744155,-0.007808970635688972,0.011819250359148548,0.005515430072225769,0.0013149243918475495,-0.00886302004100803,-0.0044845118672380835,-0.024112732862075603,-0.013608406894774605,-0.010051226569308014,-0.0006919431768104278,0.0017030945643660284,4.0,5.0,5.0,0.0,1.0,2.0,2.0,1.0,6.0,7.0,7.0,0.0,2.0,3.0,4.0,1.0,2.0,2.0,2.0,0.0,0.5005406758482867,1.2453756414945376,1.550960488427931,0.8810895590640633,0.6431242473860778,2023-04-02
2023-04-02,4.0,2.0,6.0,3.0,2.0,3.4,False,14989.0,-0.012907474481396064,0.011635378668604219,0.0,7.0,0.5633403772621282,0.5714285714285714,2.0794415416798357,3.4,0.6431242473860778,train,0.6431242473860778,0.7074889934467438,-0.537886648047794,1.3723703161563776,1.5232408978551555,1.317624950417455,-0.064364746060666,1.1810108954338716,-0.8801166504690777,0.6753066204164103,0.5462742272353514,0.9241086110976804,3.4,3.0,3.8,3.8,3.8,0.0,0.3999999999999999,-0.3999999999999999,3.4,3.3999999999999995,3.5749999999999997,0.7053227722644806,0.41190141066908836,0.2625859719701111,0.5486689387587831,0.379971386814889,-0.14198239500235244,0.1514389665930398,0.014671438503345069,0.6343315747633042,0.485787633041452,0.42085205428032035,-0.012293482502927056,-0.007808970635688972,0.011819250359148548,0.005515430072225769,-0.004671338004671344,-0.0006139919784690084,-0.005098503845707092,-0.018422904553621833,-0.01260047849216156,-0.005297669315215886,0.0006735775047754383,4.0,4.0,5.0,0.0,2.0,1.0,2.0,0.0,6.0,6.0,7.0,0.0,3.0,2.0,3.0,0.0,2.0,2.0,2.0,0.0,0.41360879757590896,-0.064364746060666,0.00414282053545402,-0.04139452886846184,0.8644575197363332,2023-04-09
2023-04-09,4.0,2.0,6.0,2.0,3.0,3.4,False,14925.0,-0.0042697978517579616,0.004061991416737961,0.0,1.0,0.5427327156066895,1.0,0.6931471805599453,3.4,0.8644575197363332,train,0.8644575197363332,0.6431242473860778,0.7074889934467438,-0.537886648047794,1.3723703161563776,1.214562195442766,0.22133327235025546,0.15696852628958946,-0.5079127964200444,0.753790883561205,0.41929602813034017,0.8803455266343763,3.4,3.4,3.0,3.8,3.6,0.0,0.0,-0.3999999999999999,3.4,3.3,3.5500000000000003,0.5633403772621282,0.7053227722644806,0.41190141066908836,0.2625859719701111,0.5485150665044785,-0.020607661655438703,-0.16259005665779114,0.2801467436365784,0.5530365464344086,0.5558243189505966,0.42012926041809673,-0.012907474481396064,-0.012293482502927056,-0.007808970635688972,0.011819250359148548,0.01810258129399922,0.008637676629638102,0.008023684651169094,-0.01608904821090651,-0.008588636166577013,-0.009319931367942513,-0.0021229698884442094,4.0,4.0,5.0,0.0,2.0,2.0,2.0,0.0,6.0,6.0,7.0,0.0,3.0,3.0,3.0,-1.0,2.0,2.0,2.0,1.0,0.7472868034286929,0.22133327235025546,0.04898841744927236,0.19133321165102818,-1.3157561313920165,2023-04-16
2023-04-16,3.0,1.0,6.0,2.0,1.0,2.6,False,14735.0,-0.012730318257956452,0.004194923265461318,0.0,4.0,0.5067354060010985,0.5,1.6094379124341003,2.6,-1.3157561313920165,train,-1.3157561313920165,0.8644575197363332,0.6431242473860778,0.7074889934467438,-0.537886648047794,0.8406619390309504,-2.1802136511283496,-1.9588803787780944,-0.7778694833442226,-0.2256493058278421,0.22482865729428458,0.6107932678315056,3.4,3.4,3.4,3.0,3.6,-0.7999999999999998,-0.7999999999999998,-0.3999999999999999,3.000000000000001,3.2,3.425,0.5427327156066895,0.5633403772621282,0.7053227722644806,0.41190141066908836,0.021329239010810852,-0.035997309605591,-0.0566049712610297,0.09483399533201009,0.5247340608038937,0.5795328177835991,0.4808050312918827,-0.0042697978517579616,-0.012907474481396064,-0.012293482502927056,-0.007808970635688972,0.001646361540994512,-0.00846052040619849,0.0001771562234396118,-0.00492134762226748,-0.008500058054857207,-0.010550268273509383,-0.00392005486331308,4.0,4.0,4.0,-1.0,2.0,2.0,1.0,-1.0,6.0,6.0,6.0,0.0,2.0,3.0,2.0,0.0,3.0,2.0,2.0,-2.0,1.7312141972956854,-2.1802136511283496,4.753331564566409,2.868629479216701,-1.5047501005390413,2023-04-23
2023-04-23,4.0,1.0,3.0,2.0,1.0,2.2,False,14960.0,0.015269765863590079,0.013247570160499695,1.0,3.0,0.8743422627449036,1.0,1.3862943611198906,2.2,-1.5047501005390413,train,-1.5047501005390413,-1.3157561313920165,0.8644575197363332,0.6431242473860778,0.7074889934467438,1.629306947511167,-0.18899396914702482,-2.3692076202753745,-2.212239093985785,-1.4102531159655294,-0.3282311162021617,0.2190361368252294,2.6,3.4,3.4,3.4,4.0,-0.3999999999999999,-1.1999999999999997,-1.1999999999999997,2.4000000000000012,2.9,3.2,0.5067354060010985,0.5427327156066895,0.5633403772621282,0.7053227722644806,0.30515265780268236,0.3676068567438051,0.3316095471382141,0.16901949048042297,0.6905388343730008,0.6217876904037049,0.5519537319096604,-0.012730318257956452,-0.0042697978517579616,-0.012907474481396064,-0.012293482502927056,0.0013149243918475495,0.02800008412154653,0.01953956371534804,0.027563248366517135,0.0012697238028168134,-0.0036594561818800997,-0.0021756996793452638,3.0,4.0,4.0,1.0,1.0,2.0,2.0,0.0,6.0,6.0,6.0,-3.0,2.0,2.0,3.0,0.0,1.0,3.0,2.0,0.0,2.2642728650722552,-0.18899396914702482,0.03571872037394657,0.2843886940752581,-0.04077802220119235,2023-04-30
2023-04-30,5.0,2.0,4.0,2.0,2.0,3.0,False,14673.0,-0.019184491978609608,0.014968244189266768,0.0,6.0,0.39526026548507315,0.3333333333333333,1.9459101490553132,3.0,-0.04077802220119235,train,-0.04077802220119235,-1.5047501005390413,-1.3157561313920165,0.8644575197363332,0.6431242473860778,1.5232408978551555,1.463972078337849,1.274978109190824,-0.6839022695872701,-0.7727640613701173,-0.4992066835989792,0.023533771818185924,2.2,2.6,3.4,3.4,3.8,0.7999999999999998,0.3999999999999999,-0.3999999999999999,2.6000000000000014,2.8,3.0999999999999996,0.8743422627449036,0.5067354060010985,0.5427327156066895,0.5633403772621282,0.5486689387587831,-0.4790819972598304,-0.1114751405160253,-0.168080111777055,0.6348012641149882,0.5797676624594411,0.5327776477504466,0.015269765863590079,-0.012730318257956452,-0.0042697978517579616,-0.012907474481396064,0.005515430072225769,-0.03445425784219969,-0.006454173720653156,-0.006277017497213544,-0.0019573630575097645,-0.005228710556183486,-0.005263189935699686,4.0,3.0,4.0,1.0,1.0,1.0,2.0,1.0,3.0,6.0,6.0,1.0,2.0,2.0,3.0,0.0,1.0,1.0,2.0,1.0,0.0016628470946409362,1.463972078337849,2.1432142461528407,-0.05969788591238651,-0.22094064366350444,2023-05-07
2023-05-07,4.0,2.0,4.0,2.0,2.0,2.8,False,14669.0,-0.0002726095549648866,0.01518545408516674,0.0,3.0,0.6961056490739187,0.6666666666666666,1.3862943611198906,2.8,-0.22094064366350444,train,-0.22094064366350444,-0.04077802220119235,-1.5047501005390413,-1.3157561313920165,0.8644575197363332,1.3723703161563776,-0.1801626214623121,1.283809456875537,-1.0853981633998377,-0.13085933293234883,-0.7705562244489386,-0.17563009815929934,3.0,2.2,2.6,3.4,3.8,-0.20000000000000018,0.5999999999999996,-0.6000000000000001,2.9000000000000012,2.6500000000000004,2.975,0.39526026548507315,0.8743422627449036,0.5067354060010985,0.5427327156066895,0.2625859719701111,0.30084538358884555,-0.17823661367098487,0.15337293346722924,0.5456829572794957,0.6181108958262485,0.5869676073884226,-0.019184491978609608,0.015269765863590079,-0.012730318257956452,-0.0042697978517579616,0.011819250359148548,0.01891188242364472,-0.015542375418554966,0.003997188296793075,-0.009728550766787247,-0.004229413481985217,-0.006774672424963865,5.0,4.0,4.0,-1.0,2.0,1.0,2.0,0.0,4.0,3.0,6.0,0.0,2.0,2.0,2.0,0.0,2.0,1.0,3.0,0.0,0.048814768022443646,-0.1801626214623121,0.03245857017217236,0.03980524554998754,-0.5940375249537826,2023-05-14
2023-05-14,4.0,2.0,4.0,2.0,2.0,2.8,False,14809.0,0.00954393619196936,0.015112888800887866,1.0,1.0,0.0003539955650921,0.0,0.6931471805599453,2.8,-0.5940375249537826,train,-0.5940375249537826,-0.22094064366350444,-0.04077802220119235,-1.5047501005390413,-1.3157561313920165,-0.537886648047794,-0.3730968812902782,-0.5532595027525903,0.7217186064382339,-0.40748908430864395,-0.5901265728393801,-0.18264895777254792,2.8,3.0,2.2,2.6,3.0,0.0,-0.20000000000000018,0.19999999999999973,2.8,2.6999999999999997,2.9499999999999997,0.6961056490739187,0.39526026548507315,0.8743422627449036,0.5067354060010985,0.41190141066908836,-0.6957516535088266,-0.39490626991998107,-0.5063814104360064,0.3482298223195051,0.49151554321724683,0.535524180500423,-0.0002726095549648866,-0.019184491978609608,0.015269765863590079,-0.012730318257956452,-0.007808970635688972,0.009816545746934247,0.028728428170578968,0.022274254449925812,0.004635663318502237,0.001339150130496236,-0.004605559071506574,4.0,5.0,3.0,0.0,2.0,2.0,1.0,0.0,4.0,4.0,6.0,0.0,2.0,2.0,2.0,0.0,2.0,2.0,1.0,0.0,0.3528805810532159,-0.3730968812902782,0.13920128282853192,0.2216335479296521,0.1378922506000254,2023-05-21
2023-05-21,5.0,2.0,4.0,2.0,2.0,3.0,False,14923.0,0.007698021473428351,0.01313060782420678,1.0,5.0,0.43911819057539103,0.6,1.791759469228055,3.0,0.1378922506000254,train,0.1378922506000254,-0.5940375249537826,-0.22094064366350444,-0.04077802220119235,-1.5047501005390413,0.7074889934467438,0.731929775553808,0.3588328942635298,1.6426423511390666,-0.22807263717687903,-0.17946598505461345,-0.2538485506283877,2.8,2.8,3.0,2.2,3.4,0.20000000000000018,0.20000000000000018,0.7999999999999998,2.9000000000000012,2.9,2.9,0.0003539955650921,0.6961056490739187,0.39526026548507315,0.8743422627449036,0.7053227722644806,0.43876419501029895,-0.25698745849852767,-0.43522407216951253,0.21973609307024133,0.38270952517486867,0.5022486077892868,0.00954393619196936,-0.0002726095549648866,-0.019184491978609608,0.015269765863590079,-0.012293482502927056,-0.0018459147185410085,0.007970631028393238,-0.007571744390161728,0.008620978832698856,-0.0005537859670441958,-0.0021066210744621477,4.0,4.0,4.0,1.0,2.0,2.0,1.0,0.0,4.0,4.0,3.0,0.0,2.0,2.0,2.0,0.0,2.0,2.0,1.0,0.0,0.019014272775540207,0.731929775553808,0.5357211963422478,0.10092744403228605,1.144624122110052,2023-05-28
2023-05-28,5.0,2.0,5.0,5.0,2.0,3.8,False,14962.0,0.0026134155330697073,0.004523249251750105,1.0,5.0,0.09873058388475324,0.0,1.791759469228055,3.8,1.144624122110052,train,1.144624122110052,0.1378922506000254,-0.5940375249537826,-0.22094064366350444,-0.04077802220119235,0.6431242473860778,1.0067318715100266,1.7386616470638345,1.1854021443112444,0.6412581863550382,0.11688455102319761,-0.19116106628789092,3.0,2.8,2.8,3.0,3.4,0.7999999999999998,1.0,0.7999999999999998,3.4000000000000012,3.0999999999999996,2.95,0.43911819057539103,0.0003539955650921,0.6961056490739187,0.39526026548507315,0.5633403772621282,-0.3403876066906378,0.09837658831966115,-0.2965296816003199,0.2689243872300719,0.30857710477478867,0.4441723836171149,0.007698021473428351,0.00954393619196936,-0.0002726095549648866,-0.019184491978609608,-0.012907474481396064,-0.005084605940358644,-0.006930520658899653,0.021797907511679315,0.005155718503249029,0.004895690910875633,-0.00016650982265392633,5.0,4.0,5.0,0.0,2.0,2.0,2.0,0.0,4.0,4.0,4.0,1.0,2.0,2.0,2.0,3.0,2.0,2.0,2.0,0.0,1.3101643809162071,1.0067318715100266,1.0135090611140807,1.1523295846273738,0.6772666171298986,2023-06-04
2023-06-04,5.0,2.0,5.0,3.0,2.0,3.4,False,14843.0,-0.00795348215479219,0.007853243898181084,0.0,5.0,0.3991311892867088,0.4,1.791759469228055,3.4,0.6772666171298986,train,0.6772666171298986,1.144624122110052,0.1378922506000254,-0.5940375249537826,-0.22094064366350444,0.8644575197363332,-0.4673575049801534,0.5393743665298731,0.898207260793403,0.9109453696199747,0.3414363662215484,-0.21455992911369526,3.8,3.0,2.8,2.8,3.4,-0.3999999999999999,0.3999999999999999,0.6000000000000001,3.600000000000001,3.2499999999999996,2.9499999999999997,0.09873058388475324,0.43911819057539103,0.0003539955650921,0.6961056490739187,0.5427327156066895,0.30040060540195557,-0.03998700128868221,-0.2969744597872099,0.24893088658573082,0.23433348982798624,0.4262221928271174,0.0026134155330697073,0.007698021473428351,0.00954393619196936,-0.0002726095549648866,-0.0042697978517579616,-0.010566897687861898,-0.015651503628220542,-0.007680872599827304,-0.0026700333108612417,0.002975472760918807,-0.000626970360533205,5.0,5.0,4.0,0.0,2.0,2.0,2.0,0.0,5.0,4.0,4.0,0.0,5.0,2.0,2.0,-2.0,2.0,2.0,2.0,0.0,0.4586900706785766,-0.4673575049801534,0.2184230374612741,-0.3165256363881782,-1.5148554898785802,2023-06-11
2023-06-11,4.0,1.0,4.0,2.0,2.0,2.6,False,14840.0,-0.00020211547530823992,0.006537744094910321,0.0,3.0,0.0367668495358278,0.0,1.3862943611198906,2.6,-1.5148554898785802,train,-1.5148554898785802,0.6772666171298986,1.144624122110052,0.1378922506000254,-0.5940375249537826,-1.3157561313920165,-2.192122107008479,-2.6594796119886324,-0.9208179649247976,-0.4187944363743412,0.11123187499034898,-0.23944734892451575,3.4,3.8,3.0,2.8,2.6,-0.7999999999999998,-1.1999999999999997,-0.19999999999999973,3.000000000000001,3.2,2.95,0.3991311892867088,0.09873058388475324,0.43911819057539103,0.0003539955650921,0.5067354060010985,-0.362364339750881,-0.06196373434892544,0.0364128539707357,0.2179490194112681,0.24343670332067016,0.36747612326895857,-0.00795348215479219,0.0026134155330697073,0.007698021473428351,0.00954393619196936,-0.012730318257956452,0.007751366679483951,-0.0028155310083779472,-0.0097460516672776,-0.004077798815050215,0.000538959844099407,0.0009390549872978216,5.0,5.0,4.0,-1.0,2.0,2.0,2.0,-1.0,5.0,5.0,4.0,-1.0,3.0,5.0,2.0,-1.0,2.0,2.0,2.0,0.0,2.2947871552152734,-2.192122107008479,4.805399332035293,3.3207482082859947,-1.4914210386527185,2023-06-18
2023-06-18,4.0,1.0,3.0,2.0,2.0,2.4,False,14944.0,0.007008086253369239,0.006290329190808622,1.0,2.0,0.4354311344213783,0.5,1.0986122886681098,2.4,-1.4914210386527185,train,-1.4914210386527185,-1.5148554898785802,0.6772666171298986,1.144624122110052,0.1378922506000254,-1.5047501005390413,0.02343445122586174,-2.168687655782617,-1.6293132892527438,-1.5031382642656497,-0.296096447322837,-0.23778121618872539,2.6,3.4,3.8,3.0,2.2,-0.20000000000000018,-1.0,-0.6000000000000001,2.500000000000001,3.05,2.9749999999999996,0.0367668495358278,0.3991311892867088,0.09873058388475324,0.43911819057539103,0.8743422627449036,0.3986642848855505,0.0362999451346695,-0.0036870561540127134,0.23609899197860285,0.242514939282167,0.31261223222851786,-0.00020211547530823992,-0.00795348215479219,0.0026134155330697073,0.007698021473428351,0.015269765863590079,0.007210201728677479,0.01496156840816143,-0.0006899352200591125,0.0034029853890304995,0.0003664760390846289,-9.365496397978346e-05,4.0,5.0,5.0,0.0,1.0,2.0,2.0,0.0,4.0,5.0,4.0,-1.0,2.0,3.0,2.0,0.0,2.0,2.0,2.0,0.0,2.2243367145359536,0.02343445122586174,0.0005491735042572928,-0.03495063358753119,-1.3436068928450944,2023-06-25
2023-06-25,4.0,1.0,3.0,2.0,2.0,2.4,False,15011.0,0.004483404710920791,0.006575988486006087,1.0,4.0,0.725081653567031,0.75,1.6094379124341003,2.4,-1.3436068928450944,train,-1.3436068928450944,-1.4914210386527185,-1.5148554898785802,0.6772666171298986,1.144624122110052,-0.04077802220119235,0.1478141458076241,0.17124859703348583,-2.4882310149551463,-1.4175139657489069,-0.9181542010616235,-0.4006348250192131,2.4,2.6,3.4,3.8,3.0,0.0,-0.20000000000000018,-1.4,2.4,2.6999999999999997,2.8999999999999995,0.4354311344213783,0.0367668495358278,0.3991311892867088,0.09873058388475324,0.39526026548507315,0.2896505191456527,0.6883148040312033,0.6263510696822778,0.5802563939942045,0.39910270670273645,0.3538399057387626,0.007008086253369239,-0.00020211547530823992,-0.00795348215479219,0.0026134155330697073,-0.019184491978609608,-0.002524681542448448,0.004685520186229031,0.0018699891778510835,0.005745745482145015,0.0008339733335473998,0.0028648321222115164,4.0,4.0,5.0,0.0,1.0,1.0,2.0,0.0,3.0,4.0,5.0,0.0,2.0,2.0,5.0,0.0,2.0,2.0,2.0,0.0,1.805279482500849,0.1478141458076241,0.021849021700837554,-0.19860410516713353,-1.3932095275673062,2023-07-02
2023-07-02,4.0,1.0,3.0,2.0,2.0,2.4,False,15079.0,0.0045300113250283935,0.0030117986992268925,1.0,7.0,0.696397263889334,0.7142857142857143,2.0794415416798357,2.4,-1.3932095275673062,train,-1.3932095275673062,-1.3436068928450944,-1.4914210386527185,-1.5148554898785802,0.6772666171298986,-0.22094064366350444,-0.049602634722211825,0.09821151108541226,-2.0704761446972046,-1.3684082102062007,-1.4357732372359246,-0.5471684355071884,2.4,2.4,2.6,3.4,2.8,0.0,0.0,-1.0,2.4,2.45,2.85,0.725081653567031,0.4354311344213783,0.0367668495358278,0.3991311892867088,0.6961056490739187,-0.028684389677697042,0.26096612946795567,0.29726607460262516,0.7107394587281823,0.47341922535339276,0.3538763575906895,0.004483404710920791,0.007008086253369239,-0.00020211547530823992,-0.00795348215479219,-0.0002726095549648866,4.6606614107602695e-05,-0.0024780749283408454,0.012483493479820584,0.004506708017974592,0.003954846703502546,0.0034651597322106764,4.0,4.0,5.0,0.0,1.0,1.0,2.0,0.0,3.0,3.0,5.0,0.0,2.0,2.0,3.0,0.0,2.0,2.0,2.0,0.0,1.9410327877043165,-0.049602634722211825,0.0024604213713851743,0.06910686328742639,-2.109948475720113,2023-07-09
2023-07-09,3.0,1.0,3.0,2.0,2.0,2.2,False,15174.0,0.006300152530008596,0.0012731911056518017,1.0,4.0,0.2915979961981065,0.25,1.6094379124341003,2.2,-2.109948475720113,train,-2.109948475720113,-1.3932095275673062,-1.3436068928450944,-1.4914210386527185,-1.5148554898785802,-0.5940375249537826,-0.7167389481528066,-0.7663415828750184,-0.5950929858415326,-1.75157900164371,-1.584546483696308,-0.7366573043529796,2.4,2.4,2.4,2.6,2.8,-0.19999999999999973,-0.19999999999999973,-0.3999999999999999,2.300000000000001,2.35,2.775,0.696397263889334,0.725081653567031,0.4354311344213783,0.0367668495358278,0.0003539955650921,-0.4047992676912275,-0.4334836573689245,0.2548311466622787,0.49399763004372,0.5371270120189624,0.3902818576698164,0.0045300113250283935,0.004483404710920791,0.007008086253369239,-0.00020211547530823992,0.00954393619196936,0.0017701412049802023,0.001816747819087805,0.006502268005316836,0.005415081927518495,0.005580413704831755,0.003059686774465581,4.0,4.0,4.0,-1.0,1.0,1.0,1.0,0.0,3.0,3.0,4.0,0.0,2.0,2.0,2.0,0.0,2.0,2.0,2.0,0.0,4.451882570193628,-0.7167389481528066,0.5137147197991916,1.5122822511442513,-2.315547328648351,2023-07-16
2023-07-16,3.0,1.0,2.0,1.0,2.0,1.8,False,14970.0,-0.013444049031237637,0.009312760436444405,0.0,2.0,0.9952962398529052,1.0,1.0986122886681098,1.8,-2.315547328648351,train,-2.315547328648351,-2.109948475720113,-1.3932095275673062,-1.3436068928450944,-1.4914210386527185,0.1378922506000254,-0.20559885292823843,-0.922337801081045,-0.8241262899956328,-2.2127479021842325,-1.790578056195216,-1.0433372517590267,2.2,2.4,2.4,2.4,3.0,-0.40000000000000013,-0.5999999999999999,-0.5999999999999999,2.0000000000000013,2.1999999999999997,2.625,0.2915979961981065,0.696397263889334,0.725081653567031,0.4354311344213783,0.43911819057539103,0.7036982436547987,0.2988989759635712,0.5598651054315269,0.6434471180255057,0.6770932883768441,0.4598041138295056,0.006300152530008596,0.0045300113250283935,0.004483404710920791,0.007008086253369239,0.007698021473428351,-0.019744201561246233,-0.01797406035626603,-0.020452135284606876,-0.0035719482506145206,0.0004673798836800358,0.00041692796138233235,3.0,4.0,4.0,0.0,1.0,1.0,1.0,0.0,3.0,3.0,3.0,-1.0,2.0,2.0,2.0,-1.0,2.0,2.0,2.0,0.0,5.3617594312105155,-0.20559885292823843,0.042270888325407416,0.47607387467114776,-2.4036527009254174,2023-07-23
2023-07-23,3.0,1.0,3.0,1.0,2.0,2.0,False,15027.0,0.0038076152304609145,0.009221298981944062,1.0,5.0,0.3143835350871086,0.4,1.791759469228055,2.0,-2.4036527009254174,train,-2.4036527009254174,-2.315547328648351,-2.109948475720113,-1.3932095275673062,-1.3436068928450944,1.144624122110052,-0.08810537227706616,-0.2937042252053046,-1.060045808080323,-2.3596000147868845,-2.055589508215297,-1.4868718546384605,1.8,2.2,2.4,2.4,3.8,0.19999999999999996,-0.20000000000000018,-0.3999999999999999,1.9000000000000012,2.1,2.4,0.9952962398529052,0.2915979961981065,0.696397263889334,0.725081653567031,0.09873058388475324,-0.6809127047657966,0.022785538889002088,-0.41069811847992244,0.6548398874700067,0.5744187587568635,0.4867607327298,-0.013444049031237637,0.006300152530008596,0.0045300113250283935,0.004483404710920791,0.0026134155330697073,0.01725166426169855,-0.0024925372995476813,-0.0006757894804598763,-0.004818216900388361,0.0002984325135650667,0.0005662029235562333,3.0,3.0,4.0,0.0,1.0,1.0,1.0,0.0,2.0,3.0,3.0,1.0,1.0,2.0,2.0,0.0,2.0,2.0,2.0,0.0,5.777546306666054,-0.08810537227706616,0.007762556624080419,0.21177471603980946,-2.120870836610904,2023-07-30
2023-07-30,3.0,1.0,3.0,2.0,2.0,2.2,False,15095.0,0.004525187994942392,0.009220561472217177,1.0,3.0,0.180836831840376,0.3333333333333333,1.3862943611198906,2.2,-2.120870836610904,train,-2.120870836610904,-2.4036527009254174,-2.315547328648351,-2.109948475720113,-1.3932095275673062,0.6772666171298986,0.28278186431451324,0.19467649203744708,-0.7276613090435979,-2.2622617687681608,-2.237504835476196,-1.8366390363560607,2.0,1.8,2.2,2.4,3.4,0.20000000000000018,0.40000000000000013,-0.19999999999999973,2.1000000000000014,2.05,2.25,0.3143835350871086,0.9952962398529052,0.2915979961981065,0.696397263889334,0.3991311892867088,-0.1335467032467326,-0.8144594080125291,-0.515560432048958,0.24761018346374214,0.445528650744624,0.45947393804900843,0.0038076152304609145,-0.013444049031237637,0.006300152530008596,0.0045300113250283935,-0.00795348215479219,0.0007175727644814778,0.01796923702618003,-4.823330086001221e-06,0.0041664016127016534,0.0002972266810435664,0.002126036692273056,3.0,3.0,4.0,0.0,1.0,1.0,1.0,0.0,3.0,2.0,3.0,0.0,1.0,1.0,2.0,1.0,2.0,2.0,2.0,0.0,4.498093105586636,0.28278186431451324,0.07996558278519178,-0.5997438091471129,-2.285915010505414,2023-08-06
2023-08-06,3.0,1.0,3.0,1.0,2.0,2.0,False,15188.0,0.006160980457105003,0.00919057323149542,1.0,4.0,0.5049774262297432,0.5,1.6094379124341003,2.0,-2.285915010505414,train,-2.285915010505414,-2.120870836610904,-2.4036527009254174,-2.315547328648351,-2.109948475720113,-1.5148554898785802,-0.16504417389450987,0.11773769042000337,-0.17596653478530122,-2.2033929235581593,-2.281496469172522,-1.933021476434415,2.2,2.0,1.8,2.2,2.6,-0.20000000000000018,0.0,-0.20000000000000018,2.1000000000000014,2.0,2.175,0.180836831840376,0.3143835350871086,0.9952962398529052,0.2915979961981065,0.0367668495358278,0.32414059438936715,0.19059389114263459,0.21337943003163667,0.34290712903505943,0.4988735082525332,0.5180002601357478,0.004525187994942392,0.0038076152304609145,-0.013444049031237637,0.006300152530008596,-0.00020211547530823992,0.0016357924621626108,0.0023533652266440885,-0.0001391720729035928,0.005343084226023698,0.0002624336628176682,0.0029214236838247115,3.0,3.0,3.0,0.0,1.0,1.0,1.0,0.0,3.0,3.0,3.0,0.0,2.0,1.0,2.0,-1.0,2.0,2.0,2.0,0.0,5.225407435253967,-0.16504417389450987,0.027239579336521214,0.3772769545019259,-2.5701143185250026,2023-08-13
2023-08-13,3.0,1.0,3.0,1.0,1.0,1.8,False,15278.0,0.0059257308401370334,0.001126659217962341,1.0,2.0,0.49202591768698767,0.5,1.0986122886681098,1.8,-2.5701143185250026,train,-2.5701143185250026,-2.285915010505414,-2.120870836610904,-2.4036527009254174,-2.315547328648351,-1.4914210386527185,-0.2841993080195886,-0.44924348191409846,-0.2545669898766514,-2.4280146645152083,-2.3451382166416845,-2.0678581364184505,2.0,2.2,2.0,1.8,2.4,-0.19999999999999996,-0.40000000000000013,0.0,1.9000000000000012,2.0,2.1,0.5049774262297432,0.180836831840376,0.3143835350871086,0.9952962398529052,0.4354311344213783,-0.012951508542755508,0.31118908584661165,-0.5032703221659175,0.49850167195836526,0.3730559277110538,0.525074608043949,0.006160980457105003,0.004525187994942392,0.0038076152304609145,-0.013444049031237637,0.007008086253369239,-0.00023524961696796964,0.0014005428451946411,0.01936977987137467,0.006043355648621018,0.005104878630661336,0.002786129257170686,3.0,3.0,3.0,0.0,1.0,1.0,1.0,0.0,3.0,3.0,2.0,0.0,1.0,2.0,1.0,0.0,2.0,2.0,2.0,-1.0,6.605487610287239,-0.2841993080195886,0.080769246678813,0.7304247108560422,-1.595513403809912,2023-08-20
2023-08-20,3.0,1.0,4.0,2.0,2.0,2.4,False,15319.0,0.0026835973294934146,0.0015991601681008025,1.0,2.0,0.4827255830168724,0.5,1.0986122886681098,2.4,-1.595513403809912,train,-1.595513403809912,-2.5701143185250026,-2.285915010505414,-2.120870836610904,-2.4036527009254174,-1.3436068928450944,0.9746009147150907,0.6904016066955021,0.8081392971155055,-2.0828138611674576,-2.1431033923628084,-2.099346450289053,1.8,2.0,2.2,2.0,2.4,0.5999999999999999,0.3999999999999999,0.3999999999999999,2.1000000000000014,2.1,2.1,0.49202591768698767,0.5049774262297432,0.180836831840376,0.3143835350871086,0.725081653567031,-0.009300334670115262,-0.02225184321287077,0.16834204792976382,0.48737575035192987,0.4151414396934947,0.4947800992251792,0.0059257308401370334,0.006160980457105003,0.004525187994942392,0.0038076152304609145,0.004483404710920791,-0.003242133510643619,-0.0034773831276115885,-0.0011240179009675,0.004304664084815224,0.004823874155419461,0.002561153334492264,3.0,3.0,3.0,0.0,1.0,1.0,1.0,0.0,3.0,3.0,3.0,1.0,1.0,1.0,1.0,1.0,1.0,2.0,2.0,1.0,2.545663021737091,0.9746009147150907,0.9498469429634915,-1.554988822793328,0.7841332257999397,2023-08-27
2023-08-27,4.0,1.0,5.0,6.0,2.0,3.6,False,15286.0,-0.0021541876101572877,0.0038782538034947264,0.0,3.0,0.9762227336565653,1.0,1.3862943611198906,3.6,0.7841332257999397,train,0.7841332257999397,-1.595513403809912,-2.5701143185250026,-2.285915010505414,-2.120870836610904,-1.3932095275673062,2.3796466296098515,3.3542475443249424,2.905004062410844,-0.4056900890049863,-1.4168523767600971,-1.827178606118147,2.4,1.8,2.0,2.2,2.4,1.2000000000000002,1.8,1.4,3.0000000000000018,2.45,2.25,0.4827255830168724,0.49202591768698767,0.5049774262297432,0.180836831840376,0.696397263889334,0.4934971506396929,0.48419681596957764,0.7953859018161893,0.7294741583367187,0.613987915147542,0.5297582829460831,0.0026835973294934146,0.0059257308401370334,0.006160980457105003,0.004525187994942392,0.0045300113250283935,-0.004837784939650702,-0.008079918450294321,-0.00667937560509968,0.00026470485966806345,0.003154030254144541,0.0017256284675940536,3.0,3.0,3.0,1.0,1.0,1.0,1.0,0.0,4.0,3.0,3.0,1.0,2.0,1.0,2.0,4.0,2.0,1.0,2.0,0.0,0.6148649158034193,2.3796466296098515,5.662718081813526,1.8659599879399271,-0.4668590243312223,2023-09-03
2023-09-03,4.0,1.0,6.0,3.0,2.0,3.2,False,15240.0,-0.0030092895459897795,0.004204912054022563,0.0,7.0,0.1649885968654416,0.14285714285714285,2.0794415416798357,3.2,-0.4668590243312223,train,-0.4668590243312223,0.7841332257999397,-1.595513403809912,-2.5701143185250026,-2.285915010505414,-2.109948475720113,-1.250992250131162,1.1286543794786896,1.8190559861741917,0.1586371007343585,-0.9620883802165493,-1.6217924246945357,3.6,2.4,1.8,2.0,2.2,-0.3999999999999999,0.8000000000000003,1.2000000000000002,3.4000000000000012,2.75,2.375,0.9762227336565653,0.4827255830168724,0.49202591768698767,0.5049774262297432,0.2915979961981065,-0.8112341367911238,-0.3177369861514308,-0.3399888293643016,0.5706056652610033,0.5289907078064666,0.5139321080295,-0.0021541876101572877,0.0026835973294934146,0.0059257308401370334,0.006160980457105003,0.006300152530008596,-0.0008551019358324918,-0.005692886875483194,-0.009170270003094783,-0.0025817385780735336,0.0008614627533708452,0.0005619482080942567,4.0,3.0,3.0,0.0,1.0,1.0,1.0,0.0,5.0,4.0,3.0,1.0,6.0,2.0,1.0,-3.0,2.0,2.0,2.0,0.0,0.2179573485995008,-1.250992250131162,1.564981609888228,0.5840370213421547,0.7137853024696925,2023-09-10
2023-09-10,4.0,2.0,6.0,2.0,2.0,3.2,False,15357.0,0.007677165354330606,0.0049357189993592225,1.0,2.0,0.9259430170059204,1.0,1.0986122886681098,3.2,0.7137853024696925,train,0.7137853024696925,-0.4668590243312223,0.7841332257999397,-1.595513403809912,-2.5701143185250026,-2.315547328648351,1.1806443268009148,-0.0703479233302472,3.283899620994695,0.1234631390692349,-0.1411134749678755,-1.24312584580478,3.2,3.6,2.4,1.8,1.8,0.0,-0.3999999999999999,1.4000000000000001,3.2,3.1,2.5500000000000003,0.1649885968654416,0.9762227336565653,0.4827255830168724,0.49202591768698767,0.9952962398529052,0.7609544201404788,-0.0502797166506449,0.43391709931893274,0.5454658069356808,0.6374699826361998,0.5052629551736268,-0.0030092895459897795,-0.0021541876101572877,0.0026835973294934146,0.0059257308401370334,-0.013444049031237637,0.010686454900320386,0.009831352964487894,0.0017514345141935728,0.0023339379041704134,0.0012993213819192384,0.003202100006290287,4.0,4.0,3.0,0.0,1.0,1.0,1.0,1.0,6.0,5.0,3.0,0.0,3.0,6.0,1.0,-1.0,2.0,2.0,1.0,0.0,0.5094894580217504,1.1806443268009148,1.3939210264071853,0.8427265679147175,-0.4620794507091807,2023-09-17
2023-09-17,3.0,2.0,5.0,2.0,2.0,2.8,False,15368.0,0.0007162857328906203,0.004849058261194665,1.0,6.0,0.49593988837053377,0.5,1.9459101490553132,2.8,-0.4620794507091807,train,-0.4620794507091807,0.7137853024696925,-0.4668590243312223,0.7841332257999397,-1.595513403809912,-2.4036527009254174,-1.1758647531788733,0.004779573622041566,1.1334339531007311,0.12585292588025568,0.14224501330730732,-1.0004291895277506,3.2,3.2,3.6,2.4,2.0,-0.40000000000000036,-0.40000000000000036,0.3999999999999999,3.0000000000000013,3.1999999999999997,2.65,0.9259430170059204,0.1649885968654416,0.9762227336565653,0.4827255830168724,0.3143835350871086,-0.43000312863538664,0.33095129150509217,0.01321430535366136,0.710941452688227,0.6407735589746152,0.5279574993340551,0.007677165354330606,-0.0030092895459897795,-0.0021541876101572877,0.0026835973294934146,0.0038076152304609145,-0.006960879621439986,0.0037255752788803997,-0.0019673115966027943,0.004196725543610613,0.0008074934827685398,0.0028156838190940003,4.0,4.0,3.0,-1.0,2.0,1.0,1.0,0.0,6.0,6.0,4.0,-1.0,2.0,3.0,2.0,0.0,2.0,2.0,2.0,0.0,0.21351741876769817,-1.1758647531788733,1.3826579177684126,0.5433429392571801,-0.8213312655827949,2023-09-24
2023-09-24,4.0,1.0,5.0,2.0,2.0,2.8,False,15375.0,0.0004554919312858008,0.004479205339870603,1.0,4.0,0.5238215709105134,0.5,1.6094379124341003,2.8,-0.8213312655827949,train,-0.8213312655827949,-0.4620794507091807,0.7137853024696925,-0.4668590243312223,0.7841332257999397,-2.120870836610904,-0.3592518148736142,-1.5351165680524874,-1.6054644913827345,-0.6417053581459881,-0.2591211095383764,-0.8379867431492368,2.8,3.2,3.2,3.6,2.2,0.0,-0.40000000000000036,-0.8000000000000003,2.8,3.0,2.725,0.49593988837053377,0.9259430170059204,0.1649885968654416,0.9762227336565653,0.180836831840376,0.027881682539979635,-0.402121446095407,-0.4524011627460519,0.5098807296405234,0.5276732682881022,0.5708305917178222,0.0007162857328906203,0.007677165354330606,-0.0030092895459897795,-0.0021541876101572877,0.004525187994942392,-0.00026079380160481946,-0.007221673423044805,0.0026096795414430884,0.0005858888320882105,0.001459913368129312,0.0023069718111369264,3.0,4.0,4.0,1.0,2.0,2.0,1.0,-1.0,5.0,6.0,5.0,0.0,2.0,2.0,6.0,0.0,2.0,2.0,2.0,0.0,0.6745850478238355,-0.3592518148736142,0.12906186648998555,0.29506474777306146,0.8270224876148828,2023-10-01
2023-10-01,4.0,1.0,6.0,7.0,2.0,4.0,False,15465.0,0.005853658536585371,0.0036461441354454947,1.0,4.0,0.052025668672285925,0.0,1.6094379124341003,4.0,0.8270224876148828,train,0.8270224876148828,-0.8213312655827949,-0.4620794507091807,0.7137853024696925,-0.4668590243312223,-2.285915010505414,1.6483537531976777,1.2891019383240636,1.2938815119461051,0.0028456110160437476,0.0643492684481499,-0.44886955588419974,2.8,2.8,3.2,3.2,2.0,1.2000000000000002,1.2000000000000002,0.7999999999999998,3.4000000000000012,3.2,2.975,0.5238215709105134,0.49593988837053377,0.9259430170059204,0.1649885968654416,0.5049774262297432,-0.4717959022382275,-0.44391421969824785,-0.11296292819315568,0.2879236197913996,0.4994325362398133,0.51421162202314,0.0004554919312858008,0.0007162857328906203,0.007677165354330606,-0.0030092895459897795,0.006160980457105003,0.00539816660529957,0.005137372803694751,0.00886294808257515,0.003154575233935586,0.0036756503887730996,0.0022685565710719724,4.0,3.0,4.0,0.0,1.0,2.0,1.0,0.0,5.0,5.0,6.0,1.0,2.0,2.0,3.0,5.0,2.0,2.0,2.0,0.0,0.683966195020709,1.6483537531976777,2.717070095680871,1.363225621438872,-0.7944745589756056,2023-10-08
2023-10-08,4.0,1.0,5.0,2.0,2.0,2.8,False,15641.0,0.011380536695764665,0.005157761540638774,1.0,7.0,0.5784183235705963,0.5714285714285714,2.0794415416798357,2.8,-0.7944745589756056,train,-0.7944745589756056,0.8270224876148828,-0.8213312655827949,-0.4620794507091807,0.7137853024696925,-2.5701143185250026,-1.6214970465904885,0.026856706607189307,-1.508259861445298,0.0162739643196384,-0.31271569691317463,-0.22691458594052516,4.0,2.8,2.8,3.2,1.8,-1.2000000000000002,0.0,-0.40000000000000036,3.4000000000000012,3.0999999999999996,3.1,0.052025668672285925,0.5238215709105134,0.49593988837053377,0.9259430170059204,0.49202591768698767,0.5263926548983103,0.0545967526600829,-0.3475246934353241,0.31522199612144103,0.41255136288098226,0.5250106727585911,0.005853658536585371,0.0004554919312858008,0.0007162857328906203,0.007677165354330606,0.0059257308401370334,0.005526878159179294,0.010925044764478864,0.0037033713414340586,0.008617097616175018,0.004601493224131614,0.0029504073030254263,4.0,4.0,4.0,0.0,1.0,1.0,2.0,0.0,6.0,5.0,6.0,-1.0,7.0,2.0,2.0,-5.0,2.0,2.0,2.0,0.0,0.631189824859483,-1.6214970465904885,2.629252672101677,1.2882381509702254,-1.093761960854465,2023-10-15
2023-10-15,4.0,1.0,4.0,2.0,2.0,2.6,False,15683.0,0.0026852503036889352,0.004740445008652112,1.0,3.0,0.5211965237976983,0.6666666666666666,1.3862943611198906,2.6,-1.093761960854465,train,-1.093761960854465,-0.7944745589756056,0.8270224876148828,-0.8213312655827949,-0.4620794507091807,-1.595513403809912,-0.2992874018788595,-1.920784448469348,-0.6316825101452843,-0.9441182599150355,-0.4706363244494957,-0.1641956555710943,2.8,4.0,2.8,2.8,2.4,-0.19999999999999973,-1.4,-0.19999999999999973,2.700000000000001,3.05,3.1249999999999996,0.5784183235705963,0.052025668672285925,0.5238215709105134,0.49593988837053377,0.4827255830168724,-0.057221799772897985,0.4691708551254124,0.025256635427164553,0.5498074236841473,0.41886552173777347,0.5298195403561944,0.011380536695764665,0.005853658536585371,0.0004554919312858008,0.0007162857328906203,0.0026835973294934146,-0.00869528639207573,-0.003168408232896436,0.001968964570798315,0.0070328934997268,0.005093734366831193,0.0029506139247998664,4.0,4.0,3.0,0.0,1.0,1.0,2.0,0.0,5.0,6.0,5.0,-1.0,2.0,7.0,2.0,0.0,2.0,2.0,2.0,0.0,1.1963152270122044,-0.2992874018788595,0.08957294892339795,0.3273491755380597,-1.4747248124624843,2023-10-22
2023-10-22,4.0,1.0,4.0,2.0,2.0,2.6,False,15858.0,0.011158579353440112,0.004244427262866609,1.0,3.0,0.011330969010790134,0.0,1.3862943611198906,2.6,-1.4747248124624843,train,-1.4747248124624843,-1.093761960854465,-0.7944745589756056,0.8270224876148828,-0.8213312655827949,0.7841332257999397,-0.38096285160801924,-0.6802502534868787,-0.6533935468796894,-1.284243386658475,-0.6339847111694181,-0.4465529103538973,2.6,2.8,4.0,2.8,3.6,0.0,-0.19999999999999973,-0.19999999999999973,2.6,3.0,3.0,0.5211965237976983,0.5784183235705963,0.052025668672285925,0.5238215709105134,0.9762227336565653,-0.5098655547869082,-0.5670873545598062,-0.5124906018997233,0.2662637464042441,0.29074287126284265,0.40920806977547247,0.0026852503036889352,0.011380536695764665,0.005853658536585371,0.0004554919312858008,-0.0021541876101572877,0.008473329049751177,-0.00022195734232455244,0.010703087422154312,0.006921914828564524,0.007769506222369771,0.004614709795249541,4.0,4.0,4.0,0.0,1.0,1.0,1.0,0.0,4.0,5.0,5.0,0.0,2.0,2.0,2.0,0.0,2.0,2.0,2.0,0.0,2.1748132724925098,-0.38096285160801924,0.1451326943053137,0.5618153698928094,0.07027046374160627,2023-10-29
2023-10-29,4.0,1.0,4.0,6.0,2.0,3.4,False,15940.0,0.005170891663513588,0.004359329879271539,1.0,3.0,0.40545904512206715,0.3333333333333333,1.3862943611198906,3.4,0.07027046374160627,train,0.07027046374160627,-1.4747248124624843,-1.093761960854465,-0.7944745589756056,0.8270224876148828,-0.4668590243312223,1.5449952762040906,1.1640324245960714,-0.7567520238732766,-0.7022271743604392,-0.8231727171377373,-0.37941172434479375,2.6,2.6,2.8,4.0,3.2,0.7999999999999998,0.7999999999999998,-0.6000000000000001,3.0000000000000013,2.8499999999999996,3.025,0.011330969010790134,0.5211965237976983,0.5784183235705963,0.052025668672285925,0.1649885968654416,0.39412807611127704,-0.11573747867563117,0.35343337644978123,0.20839500706642852,0.3791012153752879,0.4392668758075507,0.011158579353440112,0.0026852503036889352,0.011380536695764665,0.005853658536585371,-0.0030092895459897795,-0.005987687689926524,0.002485641359824653,-0.0006827668730717829,0.00816473550847685,0.007598814504101825,0.005637232446437462,4.0,4.0,4.0,0.0,1.0,1.0,1.0,0.0,4.0,4.0,6.0,0.0,2.0,2.0,7.0,4.0,2.0,2.0,2.0,0.0,0.004937938074460401,1.5449952762040906,2.3870104034929542,0.1085675345374525,-1.3307319843039802,2023-11-05
2023-11-05,4.0,1.0,4.0,2.0,2.0,2.6,False,15664.0,-0.01731493099121706,0.012349724644917966,0.0,3.0,0.33484987549794215,0.3333333333333333,1.3862943611198906,2.6,-1.3307319843039802,train,-1.3307319843039802,0.07027046374160627,-1.4747248124624843,-1.093761960854465,-0.7944745589756056,0.7137853024696925,-1.4010024480455865,0.14399282815850412,-0.5362574253283746,-0.6302307602811872,-0.9572370734698308,-0.6349763851915028,3.4,2.6,2.6,2.8,3.2,-0.7999999999999998,0.0,-0.19999999999999973,3.0000000000000013,2.8000000000000003,2.9499999999999997,0.40545904512206715,0.011330969010790134,0.5211965237976983,0.5784183235705963,0.9259430170059204,-0.070609169624125,0.32351890648715204,-0.24356844807265415,0.37015446031000454,0.3182091033571244,0.3653802331190534,0.005170891663513588,0.011158579353440112,0.0026852503036889352,0.011380536695764665,0.007677165354330606,-0.022485822654730647,-0.02847351034465717,-0.028695467686981724,-0.006072019663851735,0.0004249475823563942,0.002513220403244004,4.0,4.0,4.0,0.0,1.0,1.0,1.0,0.0,4.0,4.0,5.0,0.0,6.0,2.0,2.0,-4.0,2.0,2.0,2.0,0.0,1.7708476140496086,-1.4010024480455865,1.9628078594297262,1.8643587677024374,-0.7150666278665007,2023-11-12
2023-11-12,4.0,1.0,4.0,2.0,3.0,2.8,False,15693.0,0.0018513789581204865,0.012305811623488356,1.0,3.0,0.6982492307821909,0.6666666666666666,1.3862943611198906,2.8,-0.7150666278665007,train,-0.7150666278665007,-1.3307319843039802,0.07027046374160627,-1.4747248124624843,-1.093761960854465,-0.4620794507091807,0.6156653564374795,-0.7853370916081069,0.37869533298796443,-1.0228993060852407,-0.8625632402228397,-0.6665997823361679,2.6,3.4,2.6,2.6,2.8,0.19999999999999973,-0.6000000000000001,0.19999999999999973,2.700000000000001,2.85,2.95,0.33484987549794215,0.40545904512206715,0.011330969010790134,0.5211965237976983,0.49593988837053377,0.36339935528424877,0.29279018566012377,0.1770527069844926,0.5165495531400665,0.3624722801032475,0.39066890092051054,-0.01731493099121706,0.005170891663513588,0.011158579353440112,0.0026852503036889352,0.0007162857328906203,0.019166309949337546,-0.0033195127053931017,-0.0008338713455684488,-0.007731776016548286,0.000216479745964282,0.0026551070563977375,4.0,4.0,4.0,0.0,1.0,1.0,1.0,0.0,4.0,4.0,4.0,0.0,2.0,6.0,2.0,0.0,2.0,2.0,2.0,1.0,0.5113202822883686,0.6156653564374795,0.37904383111728873,-0.44024175032197566,-0.32887914257591105,2023-11-19
2023-11-19,4.0,2.0,4.0,2.0,2.0,2.8,False,15376.0,-0.020200089211750427,0.01298157951070379,0.0,5.0,0.6061498380266129,0.6,1.791759469228055,2.8,-0.32887914257591105,train,-0.32887914257591105,-0.7150666278665007,-1.3307319843039802,0.07027046374160627,-1.4747248124624843,-0.8213312655827949,0.3861874852905896,1.0018528417280692,1.1458456698865733,-0.5219728852212061,-0.5761018227511964,-0.6050432669603074,2.8,2.6,3.4,2.6,2.8,0.0,0.19999999999999973,0.19999999999999973,2.8,2.9,2.95,0.6982492307821909,0.33484987549794215,0.40545904512206715,0.011330969010790134,0.5238215709105134,-0.09209939275557799,0.2712999625286708,0.5948188690158228,0.6521995344044018,0.5111769973572032,0.40095993431002297,0.0018513789581204865,-0.01731493099121706,0.005170891663513588,0.011158579353440112,0.0004554919312858008,-0.022051468169870914,-0.002885158220533368,-0.03135866856519054,-0.00917435512681497,-0.007623187395333353,7.315941351820898e-05,4.0,4.0,4.0,0.0,1.0,1.0,1.0,1.0,4.0,4.0,4.0,0.0,2.0,2.0,2.0,0.0,3.0,2.0,2.0,-1.0,0.10816149042146643,0.3861874852905896,0.14914077379506938,-0.12700900903591636,1.139925528893709,2023-11-26
2023-11-26,5.0,2.0,5.0,5.0,2.0,3.8,False,15570.0,0.012617065556711715,0.015681010001112602,1.0,4.0,0.038297109058476,0.0,1.6094379124341003,3.8,1.139925528893709,train,1.139925528893709,-0.32887914257591105,-0.7150666278665007,-1.3307319843039802,0.07027046374160627,0.8270224876148828,1.46880467146962,1.8549921567602095,1.0696550651521026,0.4055231931588987,-0.30868805646317077,-0.565930386800454,2.8,2.8,2.6,3.4,4.0,1.0,1.0,0.3999999999999999,3.300000000000001,2.9999999999999996,2.925,0.6061498380266129,0.6982492307821909,0.33484987549794215,0.40545904512206715,0.052025668672285925,-0.567852728968137,-0.659952121723715,-0.36716193606359115,0.3222234735425443,0.41938651334130544,0.39924386435829673,-0.020200089211750427,0.0018513789581204865,-0.01731493099121706,0.005170891663513588,0.005853658536585371,0.03281715476846214,0.010765686598591229,0.007446173893198127,-0.003791511827519356,-0.005761643922033821,0.000918585291034002,4.0,4.0,4.0,1.0,2.0,1.0,1.0,0.0,4.0,4.0,4.0,1.0,2.0,2.0,6.0,3.0,2.0,3.0,2.0,0.0,1.299430211423602,1.46880467146962,2.157387162930978,1.6743279419665569,0.6684645908956252,2023-12-03
2023-12-03,5.0,2.0,5.0,3.0,2.0,3.4,False,15485.0,-0.005459216441875414,0.013773836942719954,0.0,7.0,0.4046758751667636,0.42857142857142855,2.0794415416798357,3.4,0.6684645908956252,train,0.6684645908956252,1.139925528893709,-0.32887914257591105,-0.7150666278665007,-1.3307319843039802,-0.7944745589756056,-0.47146093799808375,0.9973437334715363,1.9991965751996053,0.9041950598946669,0.19111108733673057,-0.38306299306655023,3.8,2.8,2.8,2.6,2.8,-0.3999999999999999,0.6000000000000001,0.7999999999999998,3.6000000000000014,3.1999999999999997,3.0,0.038297109058476,0.6061498380266129,0.6982492307821909,0.33484987549794215,0.5784183235705963,0.3663787661082876,-0.2014739628598493,0.06982599966882147,0.22148649211261964,0.4368430132585108,0.37752605830781766,0.012617065556711715,-0.020200089211750427,0.0018513789581204865,-0.01731493099121706,0.011380536695764665,-0.01807628199858713,0.014740872769875013,0.011855714549341645,0.0035789245574181505,-0.00279771528469841,-0.0011863838511710079,5.0,4.0,4.0,0.0,2.0,2.0,1.0,0.0,5.0,4.0,4.0,0.0,5.0,2.0,2.0,-2.0,2.0,2.0,2.0,0.0,0.44684490928125553,-0.47146093799808375,0.22227541605803297,-0.31515494304215674,-0.46588385307191105,2023-12-10
2023-12-10,4.0,2.0,4.0,2.0,2.0,2.8,False,15514.0,0.001872780109783756,0.013776248737384391,1.0,4.0,0.3244274333119392,0.25,1.6094379124341003,2.8,-0.46588385307191105,train,-0.46588385307191105,0.6684645908956252,1.139925528893709,-0.32887914257591105,-0.7150666278665007,-1.093761960854465,-1.1343484439675362,-1.6058093819656198,0.2491827747945896,0.10129036891185683,0.25340678103537795,-0.304578229593731,3.4,3.8,2.8,2.8,2.6,-0.6000000000000001,-1.0,0.0,3.1000000000000014,3.2,3.025,0.4046758751667636,0.038297109058476,0.6061498380266129,0.6982492307821909,0.5211965237976983,-0.08024844185482444,0.2861303242534632,-0.37382179747025174,0.3645516542393512,0.34338756389094793,0.3529299219970978,-0.005459216441875414,0.012617065556711715,-0.020200089211750427,0.0018513789581204865,0.0026852503036889352,0.00733199655165917,-0.01074428544692796,2.1401151663269502e-05,-0.001793218166045829,-0.0027923649967825925,-0.0012879426254091553,5.0,5.0,4.0,-1.0,2.0,2.0,1.0,0.0,5.0,5.0,4.0,-1.0,3.0,5.0,2.0,-1.0,2.0,2.0,3.0,0.0,0.21704776455313,-1.1343484439675362,1.2867463923315705,0.5284746238017226,-0.40442194445480006,2023-12-17
2023-12-17,4.0,2.0,3.0,2.0,2.0,2.6,False,15556.0,0.002707232177388219,0.007424855806687492,1.0,3.0,0.7328428824742635,1.0,1.3862943611198906,2.6,-0.40442194445480006,train,-0.40442194445480006,-0.46588385307191105,0.6684645908956252,1.139925528893709,-0.32887914257591105,-1.4747248124624843,0.06146190861711098,-1.0728865353504253,-0.07554280187888901,-0.4351528987633558,0.2345210805656557,-0.17079037109277045,2.8,3.4,3.8,2.8,2.6,-0.19999999999999973,-0.7999999999999998,-0.19999999999999973,2.700000000000001,3.15,3.025,0.3244274333119392,0.4046758751667636,0.038297109058476,0.6061498380266129,0.011330969010790134,0.40841544916232436,0.3281670073074999,0.12669304444765062,0.5286351578931012,0.37506082500286053,0.44311891118003194,0.001872780109783756,-0.005459216441875414,0.012617065556711715,-0.020200089211750427,0.011158579353440112,0.0008344520676044631,0.008166448619263633,0.022907321389138646,0.0022900061435859875,0.002934465350502069,-0.002344361022415642,4.0,5.0,4.0,0.0,2.0,2.0,2.0,0.0,4.0,5.0,4.0,-1.0,2.0,3.0,2.0,0.0,2.0,2.0,2.0,0.0,0.16355710915660138,0.06146190861711098,0.0037775662108581014,-0.024856544592835254,-2.492304213101561,2023-12-24
2023-12-24,4.0,1.0,3.0,1.0,1.0,2.0,False,15450.0,-0.006814091025970637,0.004908312486218272,0.0,4.0,0.11230701889144251,0.0,1.6094379124341003,2.0,-2.492304213101561,train,-2.492304213101561,-0.40442194445480006,-0.46588385307191105,0.6684645908956252,1.139925528893709,0.07027046374160627,-2.0878822686467613,-2.02642036002965,-3.6322297419952703,-1.448363078778181,-0.6735363549331618,-0.4911122056981664,2.6,2.8,3.4,3.8,3.4,-0.6000000000000001,-0.7999999999999998,-1.7999999999999998,2.3000000000000016,2.7,2.85,0.7328428824742635,0.3244274333119392,0.4046758751667636,0.038297109058476,0.40545904512206715,-0.6205358635828211,-0.21212041442049667,0.07400990983296651,0.4225749506828529,0.39356330246110216,0.4064749079012039,0.002707232177388219,0.001872780109783756,-0.005459216441875414,0.012617065556711715,0.005170891663513588,-0.009521323203358856,-0.008686871135754393,-0.019431156582682352,-0.0020534294242912088,-0.001923323795168519,-0.00384248385860117,4.0,4.0,5.0,0.0,2.0,2.0,2.0,-1.0,3.0,4.0,5.0,0.0,2.0,2.0,5.0,-1.0,2.0,2.0,2.0,-1.0,6.211580290643792,-2.0878822686467613,4.359252367729547,5.203637774608369,-1.0730564445251403,2023-12-31
2023-12-31,4.0,1.0,3.0,4.0,2.0,2.8,False,15457.0,0.00045307443365705247,0.004346666549238312,1.0,5.0,0.197521278867498,0.2,1.791759469228055,2.8,-1.0730564445251403,train,-1.0730564445251403,-2.492304213101561,-0.40442194445480006,-0.46588385307191105,0.6684645908956252,-1.3307319843039802,1.4192477685764209,-0.6686345000703402,-1.7415210354207655,-1.7826803288133513,-1.108916613788353,-0.45890276322581136,2.0,2.6,2.8,3.4,2.6,0.7999999999999998,0.19999999999999973,-0.6000000000000001,2.4000000000000012,2.55,2.875,0.11230701889144251,0.7328428824742635,0.3244274333119392,0.4046758751667636,0.33484987549794215,0.0852142599760555,-0.5353216036067655,-0.2071545962992656,0.15491414887947014,0.34177465338628576,0.38930883332239835,-0.006814091025970637,0.002707232177388219,0.001872780109783756,-0.005459216441875414,-0.01731493099121706,0.007267165459627689,-0.0022541577437311666,0.005912290875532467,-0.003180508296156792,-0.0004452510762854023,-0.001621483180491906,4.0,4.0,5.0,0.0,1.0,2.0,2.0,0.0,3.0,3.0,5.0,0.0,1.0,2.0,3.0,3.0,1.0,2.0,2.0,1.0,1.1514501331369353,1.4192477685764209,2.01426422860915,-1.5229329644488532,-0.9131815556029054,2024-01-07
2024-01-07,3.0,2.0,4.0,2.0,2.0,2.6,False,15536.0,0.005110952966293603,0.005149667438836048,1.0,6.0,0.3162474867228108,0.3333333333333333,1.9459101490553132,2.6,-0.9131815556029054,train,-0.9131815556029054,-1.0730564445251403,-2.492304213101561,-0.40442194445480006,-0.46588385307191105,-0.7150666278665007,0.1598748889222349,1.5791226574986559,-0.4472977025309943,-0.9931190000640233,-1.2207410394211018,-0.483667129192862,2.8,2.0,2.6,2.8,2.8,-0.19999999999999973,0.6000000000000001,-0.19999999999999973,2.700000000000001,2.5,2.8499999999999996,0.197521278867498,0.11230701889144251,0.7328428824742635,0.3244274333119392,0.6982492307821909,0.11872620785531277,0.20394046783136827,-0.008179946589128406,0.25688438279515424,0.3397296667390036,0.34155861531497583,0.00045307443365705247,-0.006814091025970637,0.002707232177388219,0.001872780109783756,0.0018513789581204865,0.00465787853263655,0.01192504399226424,0.0032381728565098467,0.0027820136999753275,0.0003642921378420594,-0.0012140364294702666,4.0,4.0,4.0,-1.0,1.0,1.0,2.0,1.0,3.0,3.0,4.0,1.0,4.0,1.0,2.0,-2.0,2.0,1.0,2.0,0.0,0.8339005534933421,0.1598748889222349,0.025559980107896944,-0.14599479976784815,-2.049542337639685,2024-01-14
2024-01-14,3.0,1.0,4.0,1.0,2.0,2.2,False,15570.0,0.002188465499485037,0.005077013062149774,1.0,3.0,0.33532062498852605,0.3333333333333333,1.3862943611198906,2.2,-2.049542337639685,train,-2.049542337639685,-0.9131815556029054,-1.0730564445251403,-2.492304213101561,-0.40442194445480006,-0.32887914257591105,-1.1363607820367796,-0.9764858931145446,-1.6451203931848848,-1.4813619466212957,-1.632021137717323,-0.6987500285758337,2.6,2.8,2.0,2.6,2.8,-0.3999999999999999,-0.5999999999999996,-0.3999999999999999,2.4000000000000012,2.4000000000000004,2.7750000000000004,0.3162474867228108,0.197521278867498,0.11230701889144251,0.7328428824742635,0.6061498380266129,0.019073138265715273,0.13779934612102804,-0.3975222574857375,0.3257840558556683,0.2403491023675693,0.307704963685215,0.005110952966293603,0.00045307443365705247,-0.006814091025970637,0.002707232177388219,-0.020200089211750427,-0.0029224874668085654,0.0017353910658279847,-0.0005187666779031819,0.00364970923288932,0.00023460046836626391,0.0015845329094341665,3.0,4.0,4.0,0.0,2.0,1.0,2.0,-1.0,4.0,3.0,3.0,0.0,2.0,4.0,2.0,-1.0,2.0,2.0,2.0,0.0,4.200623793777544,-1.1363607820367796,1.2913158269512413,2.3290195336177217,-1.6736393235040399,2024-01-21
2024-01-21,3.0,1.0,5.0,1.0,2.0,2.4,False,15608.0,0.002440590879897231,0.001923386121613644,1.0,6.0,0.3899651614871497,0.5,1.9459101490553132,2.4,-1.6736393235040399,train,-1.6736393235040399,-2.049542337639685,-0.9131815556029054,-1.0730564445251403,-2.492304213101561,1.139925528893709,0.375903014135645,-0.7604577679011345,0.8186648895975213,-1.861590830571863,-1.4273549153179428,-1.0504456351255524,2.2,2.6,2.8,2.0,3.8,0.19999999999999973,-0.20000000000000018,0.3999999999999999,2.3000000000000016,2.5,2.6,0.33532062498852605,0.3162474867228108,0.197521278867498,0.11230701889144251,0.038297109058476,0.054644536498623664,0.07371767476433894,0.2776581425957072,0.3626428932378377,0.3097636380164961,0.3516634702387992,0.002188465499485037,0.005110952966293603,0.00045307443365705247,-0.006814091025970637,0.012617065556711715,0.0002521253804121937,-0.0026703620863963717,0.009254681905867868,0.002314528189691134,0.002548270944833231,0.00031247357483235594,3.0,3.0,4.0,0.0,1.0,2.0,1.0,0.0,4.0,4.0,3.0,1.0,1.0,2.0,1.0,0.0,2.0,2.0,1.0,0.0,2.80106858517906,0.375903014135645,0.1413030760362629,-0.6291260662811103,0.9882069775675129,2024-01-28
2024-01-28,4.0,2.0,5.0,4.0,2.0,3.4,False,15759.0,0.009674525884161955,0.003475299116373792,1.0,5.0,0.9329397678375244,1.0,1.791759469228055,3.4,0.9882069775675129,train,0.9882069775675129,-1.6736393235040399,-2.049542337639685,-0.9131815556029054,-1.0730564445251403,0.6684645908956252,2.6618463010715527,3.037749315207198,2.061263422092653,-0.3427161729682642,-0.9120390597947794,-1.0104778367915663,2.4,2.2,2.6,2.8,3.4,1.0,1.1999999999999997,0.6000000000000001,2.9000000000000012,2.65,2.5999999999999996,0.3899651614871497,0.33532062498852605,0.3162474867228108,0.197521278867498,0.4046758751667636,0.5429746063503746,0.5976191428489983,0.7354184889700264,0.6614524646623369,0.4936182602590027,0.4176964568226443,0.002440590879897231,0.002188465499485037,0.005110952966293603,0.00045307443365705247,-0.005459216441875414,0.007233935004264724,0.007486060384676918,0.009221451450504903,0.006057558382029593,0.0048536338074594565,0.002204191365587027,3.0,3.0,4.0,1.0,1.0,1.0,1.0,1.0,5.0,4.0,3.0,0.0,1.0,1.0,4.0,3.0,2.0,2.0,2.0,0.0,0.9765530305131188,2.6618463010715527,7.085425730528307,2.6304550879311828,-0.17018928346281403,2024-02-04
2024-02-04,4.0,1.0,6.0,2.0,2.0,3.0,False,15633.0,-0.0079954311821816,0.007264549617640249,0.0,2.0,0.9838978350162506,1.0,1.0986122886681098,3.0,-0.17018928346281403,train,-0.17018928346281403,0.9882069775675129,-1.6736393235040399,-2.049542337639685,-0.9131815556029054,-0.46588385307191105,-1.158396261030327,1.5034500400412258,0.7429922721400913,0.40900884705234875,-0.7262909917597564,-0.9735160155904292,3.4,2.4,2.2,2.6,2.8,-0.3999999999999999,0.6000000000000001,0.3999999999999999,3.200000000000001,2.75,2.625,0.9329397678375244,0.3899651614871497,0.33532062498852605,0.3162474867228108,0.3244274333119392,0.050958067178726196,0.5939326735291008,0.6676503482934398,0.9584188014268873,0.6605308473323627,0.5001302570356831,0.009674525884161955,0.002440590879897231,0.002188465499485037,0.005110952966293603,0.001872780109783756,-0.017669957066343556,-0.010436022062078831,-0.013106384148475203,0.0008395473509901774,0.0015770377703406557,0.0009706649540913576,4.0,3.0,3.0,0.0,2.0,1.0,2.0,-1.0,5.0,5.0,4.0,1.0,4.0,1.0,2.0,-2.0,2.0,2.0,2.0,0.0,0.028964392205586068,-1.158396261030327,1.3418818975690412,0.19714662963075422,0.1972309253998839,2024-02-11
2024-02-11,4.0,1.0,8.0,2.0,2.0,3.4,False,15637.0,0.0002558689950744597,0.007274589431576832,1.0,4.0,0.5339845512062311,0.5,1.6094379124341003,3.4,0.1972309253998839,train,0.1972309253998839,-0.17018928346281403,0.9882069775675129,-1.6736393235040399,-2.049542337639685,-0.40442194445480006,0.36742020886269794,-0.790976052167629,2.246773263039569,0.01352082096853427,-0.1645976759998643,-0.8983094068585937,3.0,3.4,2.4,2.2,2.6,0.3999999999999999,0.0,1.1999999999999997,3.200000000000001,3.0500000000000003,2.725,0.9838978350162506,0.9329397678375244,0.3899651614871497,0.33532062498852605,0.7328428824742635,-0.4499132838100195,-0.3989552166312933,0.19866392621770507,0.7589411931112406,0.7101968288867889,0.47527296562717913,-0.0079954311821816,0.009674525884161955,0.002440590879897231,0.002188465499485037,0.002707232177388219,0.00825130017725606,-0.009418656889087496,-0.0019325965044105775,-0.0038697810935535704,0.0010938886442380114,0.0006642445563021376,4.0,4.0,3.0,0.0,1.0,2.0,1.0,0.0,6.0,5.0,4.0,2.0,2.0,4.0,1.0,0.0,2.0,2.0,2.0,0.0,0.03890003793409457,0.36742020886269794,0.13499760988070858,0.07246662780460854,0.6467709698442677,2024-02-18
2024-02-18,5.0,1.0,8.0,2.0,2.0,3.6,False,15636.0,-6.39508857197546e-05,0.007227672684336255,0.0,5.0,0.5479045206680894,0.6,1.791759469228055,4.6,0.6467709698442677,train,0.6467709698442677,0.1972309253998839,-0.17018928346281403,0.9882069775675129,-1.6736393235040399,-2.492304213101561,0.44954004444438384,0.8169602533070818,2.3204102933483077,0.4220009476220752,0.41550489733721263,-0.5059250089903651,3.4,3.0,3.4,2.4,2.0,0.20000000000000018,0.6000000000000001,1.2000000000000002,3.5000000000000013,3.35,2.925,0.5339845512062311,0.9838978350162506,0.9329397678375244,0.3899651614871497,0.11230701889144251,0.01391996946185825,-0.43599331434816124,0.15793935918093965,0.5409445359371601,0.7496816686820238,0.5297226533492599,0.0002558689950744597,-0.0079954311821816,0.009674525884161955,0.002440590879897231,-0.006814091025970637,-0.0003198198807942143,0.007931480296461846,-0.0025045417656169855,9.595905467735255e-05,0.000467753202833765,0.0015080120738334979,4.0,4.0,3.0,1.0,1.0,1.0,1.0,0.0,8.0,6.0,5.0,0.0,2.0,2.0,1.0,0.0,2.0,2.0,2.0,0.0,0.4183126874332947,0.44954004444438384,0.2020862515590586,0.29074945052912937,2.3772068737359495,2024-02-25
2024-02-25,6.0,2.0,8.0,4.0,2.0,4.4,False,15606.0,-0.0019186492709132308,0.0038317786693515643,0.0,4.0,0.1887167538516223,0.25,1.6094379124341003,5.2,2.3772068737359495,train,2.3772068737359495,0.6467709698442677,0.1972309253998839,-0.17018928346281403,0.9882069775675129,-1.0730564445251403,1.730435903891682,2.1799759483360654,1.3889998961684367,1.511988921790108,0.7627548713793217,-0.07464209420772883,3.6,3.4,3.0,3.4,2.8,0.8000000000000003,1.0000000000000004,1.0000000000000004,4.000000000000002,3.6,3.125,0.5479045206680894,0.5339845512062311,0.9838978350162506,0.9329397678375244,0.197521278867498,-0.3591877668164671,-0.34526779735460883,-0.7442230139859021,0.3683106372598556,0.5636259151855483,0.5286220877222755,-6.39508857197546e-05,0.0002558689950744597,-0.0079954311821816,0.009674525884161955,0.00045307443365705247,-0.0018546983851934762,-0.0021745182659876905,-0.011593175155075186,-0.0009913000783164927,-0.0024305405859350315,0.0012115466107622125,5.0,4.0,4.0,1.0,1.0,1.0,2.0,1.0,8.0,8.0,5.0,0.0,2.0,2.0,4.0,2.0,2.0,2.0,2.0,0.0,5.651112520537446,1.730435903891682,2.994408417477422,4.113604125290787,2.333754865718046,2024-03-03
2024-03-03,6.0,2.0,8.0,3.0,2.0,4.2,False,15722.0,0.007433038574907069,0.0041174567419443135,1.0,5.0,0.5690710261464119,0.6,1.791759469228055,4.4,2.333754865718046,train,2.333754865718046,2.3772068737359495,0.6467709698442677,0.1972309253998839,-0.17018928346281403,-0.9131815556029054,-0.0434520080179035,1.6869838958737784,2.5039441491808603,2.355480869726997,1.3887409086745368,0.3312249584573901,4.4,3.6,3.4,3.0,2.6,-0.20000000000000018,0.6000000000000001,1.2000000000000002,4.3000000000000025,3.9000000000000004,3.325,0.1887167538516223,0.5479045206680894,0.5339845512062311,0.9838978350162506,0.3162474867228108,0.38035427229478963,0.02116650547832255,-0.4148268088698387,0.3788938899990169,0.45991921296808863,0.5602250301502256,-0.0019186492709132308,-6.39508857197546e-05,0.0002558689950744597,-0.0079954311821816,0.005110952966293603,0.0093516878458203,0.007496989460626824,0.01542846975708867,0.0027571946519969193,0.001426576853337136,0.0015018073118388958,6.0,5.0,4.0,0.0,2.0,1.0,1.0,0.0,8.0,8.0,6.0,0.0,4.0,2.0,2.0,-1.0,2.0,2.0,2.0,0.0,5.446411773262655,-0.0434520080179035,0.00188807700078795,-0.10140633513700184,-0.8201605553910659,2024-03-10
2024-03-10,3.0,1.0,7.0,1.0,2.0,2.8,False,15531.0,-0.012148581605393671,0.008068604209748986,0.0,4.0,0.7474667923524976,0.75,1.6094379124341003,2.8,-0.8201605553910659,train,-0.8201605553910659,2.333754865718046,2.3772068737359495,0.6467709698442677,0.1972309253998839,-2.049542337639685,-3.153915421109112,-3.1973674291270155,-1.0173914807909499,0.7567971551634891,1.1343930384767993,0.48489768123846744,4.2,4.4,3.6,3.4,2.2,-1.4000000000000004,-1.6000000000000005,-0.6000000000000001,3.5000000000000018,3.75,3.4,0.5690710261464119,0.1887167538516223,0.5479045206680894,0.5339845512062311,0.33532062498852605,0.17839576620608566,0.5587500385008752,0.21348224114626646,0.6582689092494546,0.5132897732546552,0.6117433010707221,0.007433038574907069,-0.0019186492709132308,-6.39508857197546e-05,0.0002558689950744597,0.002188465499485037,-0.01958162018030074,-0.01022993233448044,-0.012404450600468131,-0.002357771515243301,-0.0016745357967798968,-0.00029032357627094274,6.0,6.0,4.0,-3.0,2.0,2.0,1.0,-1.0,8.0,8.0,8.0,-1.0,3.0,4.0,2.0,-2.0,2.0,2.0,2.0,0.0,0.6726633366193817,-3.153915421109112,9.947182483509868,2.586717023433297,0.7067512924632093,2024-03-17
2024-03-17,4.0,2.0,8.0,2.0,2.0,3.6,False,15618.0,0.005601699826154105,0.008900034518064467,1.0,4.0,0.015392447065096324,0.0,1.6094379124341003,3.6,0.7067512924632093,train,0.7067512924632093,-0.8201605553910659,2.333754865718046,2.3772068737359495,0.6467709698442677,-1.6736393235040399,1.5269118478542754,-1.6270035732548367,0.059980322618941595,-0.05670463146392918,1.1493881191315347,0.7824465082343737,2.8,4.2,4.4,3.6,2.4,0.8000000000000003,-0.6000000000000001,0.0,3.200000000000002,3.75,3.5500000000000003,0.7474667923524976,0.5690710261464119,0.1887167538516223,0.5479045206680894,0.3899651614871497,-0.7320743452874012,-0.5536785790813156,-0.532512073602993,0.38142961970879674,0.38016175485390696,0.5649217117679655,-0.012148581605393671,0.007433038574907069,-0.0019186492709132308,-6.39508857197546e-05,0.002440590879897231,0.017750281431547776,-0.0018313387487529642,0.00566565071187386,-0.003273440889619783,-0.0002581231188114319,0.00010481504201116654,3.0,6.0,5.0,1.0,1.0,2.0,1.0,1.0,7.0,8.0,8.0,1.0,1.0,3.0,2.0,1.0,2.0,2.0,2.0,0.0,0.49949738939841687,1.5269118478542754,2.3314597911177577,1.0791469219483965,0.5741795835980702,2024-03-24
2024-03-24,4.0,2.0,7.0,1.0,2.0,3.2,False,15811.0,0.01235753617620694,0.010693876563782425,1.0,5.0,0.794371962128207,0.8,1.791759469228055,3.2,0.5741795835980702,train,0.5741795835980702,0.7067512924632093,-0.8201605553910659,2.333754865718046,2.3772068737359495,0.9882069775675129,-0.13257170886513914,1.3943401389891361,-1.8030272901378792,0.6404654380306389,0.6986312965970649,0.7306930839881933,3.6,2.8,4.2,4.4,3.4,-0.3999999999999999,0.40000000000000036,-1.2000000000000002,3.400000000000002,3.45,3.5250000000000004,0.015392447065096324,0.7474667923524976,0.5690710261464119,0.1887167538516223,0.9329397678375244,0.7789795150631107,0.046905169775709465,0.6056552082765847,0.4048822045966515,0.5315755569230531,0.5476007360543008,0.005601699826154105,-0.012148581605393671,0.007433038574907069,-0.0019186492709132308,0.009674525884161955,0.006755836350052835,0.02450611778160061,0.014276185447120171,0.008979618001180523,0.003310923242968611,0.00044019132851678966,4.0,3.0,6.0,0.0,2.0,1.0,2.0,0.0,8.0,7.0,8.0,-1.0,2.0,1.0,4.0,-1.0,2.0,2.0,2.0,0.0,0.32968219422085326,-0.13257170886513914,0.01757525799142321,-0.07611996859307019,0.7109011490326081,2024-03-31
2024-03-31,4.0,2.0,7.0,3.0,2.0,3.6,False,15871.0,0.0037948263866927068,0.010376418270053997,1.0,4.0,0.07025154912844295,0.0,1.6094379124341003,3.6,0.7109011490326081,train,0.7109011490326081,0.5741795835980702,0.7067512924632093,-0.8201605553910659,2.333754865718046,-0.17018928346281403,0.13672156543453795,0.004149856569398813,-1.6228537166854378,0.6425403663153383,0.29291786742570547,0.840829388050121,3.2,3.6,2.8,4.2,3.0,0.3999999999999999,0.0,-0.6000000000000001,3.400000000000002,3.3000000000000003,3.6000000000000005,0.794371962128207,0.015392447065096324,0.7474667923524976,0.5690710261464119,0.9838978350162506,-0.724120412999764,0.054859102063346626,-0.49881947701796897,0.4323117556283248,0.40687068766856094,0.4333949503183248,0.01235753617620694,0.005601699826154105,-0.012148581605393671,0.007433038574907069,-0.0079954311821816,-0.008562709789514233,-0.0018068734394613983,-0.0036382121882143625,0.008076181281449824,0.00240137019591502,0.001913973524626078,4.0,4.0,6.0,0.0,2.0,2.0,2.0,0.0,7.0,8.0,8.0,0.0,1.0,2.0,3.0,2.0,2.0,2.0,2.0,0.0,0.5053804436958825,0.13672156543453795,0.018692786454870644,0.09719551796494995,-1.5741978437823112,2024-04-07
2024-04-07,3.0,1.0,5.0,1.0,1.0,2.2,False,15859.0,-0.0007560960241950188,0.005441552533563874,0.0,1.0,0.9815462231636048,1.0,0.6931471805599453,2.2,-1.5741978437823112,train,-1.5741978437823112,0.7109011490326081,0.5741795835980702,0.7067512924632093,-0.8201605553910659,0.1972309253998839,-2.2850989928149192,-2.1483774273803813,-0.7540372883912453,-0.4316483473748524,0.10440854532789412,0.6194007919023465,3.6,3.2,3.6,2.8,3.4,-1.4,-1.0,-0.5999999999999996,2.900000000000002,3.1500000000000004,3.45,0.07025154912844295,0.794371962128207,0.015392447065096324,0.7474667923524976,0.5339845512062311,0.911294674035162,0.1871742610353978,0.23407943081110727,0.5258988861460236,0.4653905453713377,0.48934015931299657,0.0037948263866927068,0.01235753617620694,0.005601699826154105,-0.012148581605393671,0.0002558689950744597,-0.0045509224108877255,-0.013113632200401959,0.011392485581198653,0.001519365181248844,0.005249491591214683,0.0017874778972173933,4.0,4.0,3.0,-1.0,2.0,2.0,1.0,-1.0,7.0,7.0,7.0,-2.0,3.0,1.0,1.0,-2.0,2.0,2.0,2.0,-1.0,2.4780988513688778,-2.2850989928149192,5.221677406963758,3.597197907318377,-1.0124479980968553,2024-04-14
2024-04-14,5.0,1.0,4.0,1.0,2.0,2.6,False,16121.0,0.016520587678920506,0.007872727403698208,1.0,5.0,0.6204824179410935,0.4,1.791759469228055,2.6,-1.0124479980968553,train,-1.0124479980968553,-1.5741978437823112,0.7109011490326081,0.5741795835980702,0.7067512924632093,0.6467709698442677,0.5617498456854559,-1.7233491471294635,-1.7191992905600646,-1.293322920939584,-0.32539127731212203,0.4119984209097063,2.2,3.6,3.2,3.6,3.6,0.3999999999999999,-1.0,-1.0,2.400000000000002,2.9000000000000004,3.325,0.9815462231636048,0.07025154912844295,0.794371962128207,0.015392447065096324,0.5479045206680894,-0.36106380522251136,0.5502308688126505,0.6050899708759971,0.8010143205523489,0.6166630380903371,0.49841239647212204,-0.0007560960241950188,0.0037948263866927068,0.01235753617620694,0.005601699826154105,-6.39508857197546e-05,0.017276683703115525,0.0127257612922278,0.010918887852766401,0.007882245827362744,0.007979213554406284,0.003860545217797426,3.0,4.0,4.0,2.0,1.0,2.0,2.0,0.0,5.0,7.0,8.0,-1.0,1.0,3.0,2.0,0.0,1.0,2.0,2.0,1.0,1.0250509488503299,0.5617498456854559,0.3155628891276336,-0.5687425066954572,-0.060900669772457325,2024-04-21
2024-04-21,5.0,2.0,4.0,1.0,2.0,2.8,False,16263.0,0.00880838657651517,0.00740063541232769,1.0,7.0,0.7179034781376166,0.7142857142857143,2.0794415416798357,2.8,-0.060900669772457325,train,-0.060900669772457325,-1.0124479980968553,-1.5741978437823112,0.7109011490326081,0.5741795835980702,2.3772068737359495,0.9515473283243979,1.513297174009854,-0.6350802533705275,-0.5366743339346571,-0.4841613406547539,0.10723497797115543,2.6,2.2,3.6,3.2,4.4,0.19999999999999973,0.5999999999999996,-0.40000000000000036,2.700000000000002,2.8,3.125,0.6204824179410935,0.9815462231636048,0.07025154912844295,0.794371962128207,0.1887167538516223,0.09742106019652308,-0.2636427450259883,-0.07646848399059047,0.6691929480393548,0.5975459170926893,0.5645607370078713,0.016520587678920506,-0.0007560960241950188,0.0037948263866927068,0.01235753617620694,-0.0019186492709132308,-0.007712201102405336,0.009564482600710189,-0.00354914959969177,0.012664487127717838,0.007091926154483341,0.005201424698725976,5.0,3.0,4.0,0.0,1.0,1.0,2.0,1.0,4.0,5.0,7.0,0.0,1.0,1.0,1.0,0.0,2.0,1.0,2.0,0.0,0.0037088915787338974,0.9515473283243979,0.9054423180412995,-0.05794986961514818,-0.7126523405048482,2024-04-28
2024-04-28,4.0,1.0,4.0,3.0,2.0,2.8,False,16227.0,-0.0022136137244050946,0.008775060891246505,0.0,5.0,0.7403160542249679,0.8,1.791759469228055,2.8,-0.7126523405048482,train,-0.7126523405048482,-0.060900669772457325,-1.0124479980968553,-1.5741978437823112,0.7109011490326081,2.333754865718046,-0.6517516707323908,0.2997956575920071,-1.4235534895374564,-0.38677650513865364,-0.8400497130391179,-0.27356592280670633,2.8,2.6,2.2,3.6,4.2,0.0,0.19999999999999973,-0.8000000000000003,2.8,2.6,2.95,0.7179034781376166,0.6204824179410935,0.9815462231636048,0.07025154912844295,0.5690710261464119,0.022412576087351366,0.11983363628387445,0.670064505096525,0.729109766181292,0.7650620433668206,0.5859663655176909,0.00880838657651517,0.016520587678920506,-0.0007560960241950188,0.0037948263866927068,0.007433038574907069,-0.011022000300920265,-0.0187342014033256,-0.006008440111097801,0.003297386426055038,0.005589816126708891,0.0039955931613119555,5.0,5.0,4.0,-1.0,2.0,1.0,2.0,-1.0,4.0,4.0,7.0,0.0,1.0,1.0,3.0,2.0,2.0,2.0,2.0,0.0,0.5078733584270381,-0.6517516707323908,0.42478024030246275,0.46447235357538347,-1.3487421921971525,2024-05-05
2024-05-05,4.0,1.0,4.0,2.0,2.0,2.6,False,16054.0,-0.010661243606335136,0.011976413419707264,0.0,4.0,0.36539297178387636,0.25,1.6094379124341003,2.6,-1.3487421921971525,train,-1.3487421921971525,-0.7126523405048482,-0.060900669772457325,-1.0124479980968553,-1.5741978437823112,-0.8201605553910659,-0.6360898516923044,-1.2878415224246953,0.22545565158515868,-1.0306972663510012,-0.7836858001428283,-0.33963862740746714,2.8,2.8,2.6,2.2,2.8,-0.19999999999999973,-0.19999999999999973,0.3999999999999999,2.700000000000002,2.6999999999999997,2.925,0.7403160542249679,0.7179034781376166,0.6204824179410935,0.9815462231636048,0.7474667923524976,-0.37492308244109157,-0.3525105063537402,-0.6161532513797285,0.5528545130044219,0.6110237305218885,0.5382071379466132,-0.0022136137244050946,0.00880838657651517,0.016520587678920506,-0.0007560960241950188,-0.012148581605393671,-0.008447629881930041,-0.019469630182850306,-0.009905147582140117,-0.006437428665370115,0.0031135292311738616,0.0041815104111942725,4.0,5.0,3.0,0.0,1.0,2.0,1.0,0.0,4.0,4.0,5.0,0.0,3.0,1.0,1.0,-1.0,2.0,2.0,1.0,0.0,1.8191055010127808,-0.6360898516923044,0.40461029942593774,0.8579212210058402,-1.4591989993964942,2024-05-12
2024-05-12,4.0,1.0,4.0,1.0,2.0,2.4,False,16042.0,-0.0007474772642331873,0.00797736534233515,0.0,2.0,0.602150186896324,0.5,1.0986122886681098,2.4,-1.4591989993964942,train,-1.4591989993964942,-1.3487421921971525,-0.7126523405048482,-0.060900669772457325,-1.0124479980968553,0.7067512924632093,-0.1104568071993417,-0.7465466588916461,-0.44675100129963896,-1.4039705957968243,-0.895373550467738,-0.6103824138899301,2.6,2.8,2.8,2.6,3.6,-0.20000000000000018,-0.3999999999999999,-0.20000000000000018,2.5000000000000018,2.65,2.775,0.36539297178387636,0.7403160542249679,0.7179034781376166,0.6204824179410935,0.015392447065096324,0.23675721511244768,-0.1381658673286439,-0.018332231044769443,0.4837715793401,0.6064406727606961,0.6115518554255166,-0.010661243606335136,-0.0022136137244050946,0.00880838657651517,0.016520587678920506,0.005601699826154105,0.009913766342101948,0.0014661364601719074,-0.017268064943153694,-0.0057043604352841615,-0.0012034870046145618,0.003387863274895861,4.0,4.0,5.0,0.0,1.0,1.0,1.0,0.0,4.0,4.0,4.0,0.0,2.0,3.0,1.0,-1.0,2.0,2.0,2.0,0.0,2.12926171983973,-0.1104568071993417,0.012200706256672545,0.1611784625418109,-1.8362299546782652,2024-05-19
2024-05-19,4.0,1.0,3.0,1.0,2.0,2.2,False,15968.0,-0.004612891160703181,0.004369165575767403,0.0,2.0,0.5099173421040176,0.5,1.0986122886681098,2.2,-1.8362299546782652,train,-1.8362299546782652,-1.4591989993964942,-1.3487421921971525,-0.7126523405048482,-0.060900669772457325,0.5741795835980702,-0.377030955281771,-0.4874877624811127,-1.775329284905808,-1.6477144770373806,-1.33920587169419,-0.911683606174472,2.4,2.6,2.8,2.8,3.2,-0.19999999999999973,-0.3999999999999999,-0.5999999999999996,2.3000000000000016,2.5,2.65,0.602150186896324,0.36539297178387636,0.7403160542249679,0.7179034781376166,0.794371962128207,-0.09223284479230642,0.14452437032014126,-0.20798613603359895,0.5560337645001707,0.5544441387522965,0.5759950279224929,-0.0007474772642331873,-0.010661243606335136,-0.0022136137244050946,0.00880838657651517,0.01235753617620694,-0.0038654138964699936,0.006048352445631955,-0.013421277737218351,-0.002680184212468184,-0.00455880643891915,0.0012665598577820958,4.0,4.0,5.0,0.0,1.0,1.0,2.0,0.0,4.0,4.0,4.0,-1.0,1.0,2.0,1.0,0.0,2.0,2.0,2.0,0.0,3.371740446457744,-0.377030955281771,0.1421523412406848,0.6923155339293494,-0.06942860116441799,2024-05-26
2024-05-26,4.0,2.0,4.0,3.0,2.0,3.0,False,16031.0,0.003945390781563196,0.0061808017510117065,1.0,5.0,0.4002276314538903,0.4,1.791759469228055,3.0,-0.06942860116441799,train,-0.06942860116441799,-1.8362299546782652,-1.4591989993964942,-1.3487421921971525,-0.7126523405048482,0.7109011490326081,1.7668013535138472,1.3897703982320762,0.6432237393404302,-0.9528292779213425,-1.1783999368590823,-1.0092248249491003,2.2,2.4,2.6,2.8,3.6,0.7999999999999998,0.6000000000000001,0.20000000000000018,2.600000000000002,2.55,2.575,0.5099173421040176,0.602150186896324,0.36539297178387636,0.7403160542249679,0.07025154912844295,-0.10968971065012734,-0.20192255544243376,-0.34008842277107765,0.45507248677895373,0.469422033059527,0.6172420382131738,-0.004612891160703181,-0.0007474772642331873,-0.010661243606335136,-0.0022136137244050946,0.0037948263866927068,0.008558281942266377,0.004692868045796383,0.006159004505968291,-0.00033375018956999236,-0.003019055312427077,0.001285380407140907,4.0,4.0,4.0,0.0,1.0,1.0,1.0,1.0,3.0,4.0,4.0,1.0,1.0,1.0,3.0,2.0,2.0,2.0,2.0,0.0,0.004820330659647823,1.7668013535138472,3.121587022778362,-0.12266654650986676,-0.16695642846542064,2024-06-02
2024-06-02,4.0,2.0,4.0,3.0,2.0,3.0,False,16257.0,0.014097685733890586,0.008081575082958892,1.0,7.0,0.24801233676927428,0.2857142857142857,2.0794415416798357,3.0,-0.16695642846542064,train,-0.16695642846542064,-0.06942860116441799,-1.8362299546782652,-1.4591989993964942,-1.3487421921971525,-1.5741978437823112,-0.09752782730100265,1.6692735262128446,1.181785763731732,-0.1181925148149202,-0.8829534959261495,-0.833319648034489,3.0,2.2,2.4,2.6,2.2,0.0,0.7999999999999998,0.3999999999999999,3.0,2.65,2.675,0.4002276314538903,0.5099173421040176,0.602150186896324,0.36539297178387636,0.9815462231636048,-0.152215294684616,-0.26190500533474337,-0.11738063501460208,0.32411998411158205,0.44007687430587655,0.5255503024138826,0.003945390781563196,-0.004612891160703181,-0.0007474772642331873,-0.010661243606335136,-0.0007560960241950188,0.01015229495232739,0.018710576894593767,0.02475892934022572,0.009021538257726891,0.0031706770226293535,0.0031421031269016075,4.0,4.0,4.0,0.0,2.0,1.0,1.0,0.0,4.0,3.0,4.0,0.0,3.0,1.0,2.0,0.0,2.0,2.0,2.0,0.0,0.027874449005929117,-0.09752782730100265,0.009511677098054198,0.016282897722167747,-0.8960922775591754,2024-06-09
2024-06-09,4.0,1.0,4.0,1.0,3.0,2.6,False,16192.0,-0.003998277665005823,0.008743294953864118,0.0,4.0,0.9538600891828537,1.0,1.6094379124341003,2.6,-0.8960922775591754,train,-0.8960922775591754,-0.16695642846542064,-0.06942860116441799,-1.8362299546782652,-1.4591989993964942,-1.0124479980968553,-0.7291358490937547,-0.8266636763947575,0.5631067218373188,-0.531524353012299,-0.7421768154668198,-0.8187751829672789,3.0,3.0,2.2,2.4,2.6,-0.3999999999999999,-0.3999999999999999,0.20000000000000018,2.8000000000000016,2.7,2.6750000000000003,0.24801233676927428,0.4002276314538903,0.5099173421040176,0.602150186896324,0.6204824179410935,0.7058477524135794,0.5536324577289634,0.35170990228652965,0.6009362129760638,0.5280043498775089,0.5672225113191026,0.014097685733890586,0.003945390781563196,-0.004612891160703181,-0.0007474772642331873,0.016520587678920506,-0.01809596339889641,-0.007943668446569019,-0.0032508004007726354,0.005049704034442382,0.0023579769224361946,0.0005772449589108164,4.0,4.0,4.0,0.0,2.0,2.0,1.0,-1.0,4.0,4.0,4.0,0.0,3.0,3.0,1.0,-2.0,2.0,2.0,2.0,1.0,0.8029813699011903,-0.7291358490937547,0.5316390864336706,0.6533730036644659,-2.232031960281373,2024-06-16
2024-06-16,3.0,1.0,3.0,1.0,2.0,2.0,False,16486.0,0.018157114624505866,0.010012277119993099,1.0,8.0,0.6048375954851508,0.625,2.1972245773362196,2.0,-2.232031960281373,train,-2.232031960281373,-0.8960922775591754,-0.16695642846542064,-0.06942860116441799,-1.8362299546782652,-0.060900669772457325,-1.3359396827221977,-2.0650755318159524,-0.39580200560310796,-1.5640621189202752,-0.8411273168675968,-1.0901665942808934,2.6,3.0,3.0,2.2,2.8,-0.6000000000000001,-1.0,-0.20000000000000018,2.3000000000000016,2.6500000000000004,2.575,0.9538600891828537,0.24801233676927428,0.4002276314538903,0.5099173421040176,0.7179034781376166,-0.3490224936977029,0.35682525871587656,0.09492025338113319,0.779348842334002,0.5517344132227922,0.5530892759875444,-0.003998277665005823,0.014097685733890586,0.003945390781563196,-0.004612891160703181,0.00880838657651517,0.02215539228951169,0.00405942889061528,0.022770005785209047,0.0070794184797500215,0.008050478368738456,0.0017458359649096533,4.0,4.0,4.0,-1.0,1.0,2.0,1.0,0.0,4.0,4.0,3.0,-1.0,1.0,3.0,1.0,0.0,3.0,2.0,2.0,-1.0,4.981966671717509,-1.3359396827221977,1.7847348358718862,2.9818600688441026,-2.643348068161334,2024-06-23
2024-06-23,3.0,1.0,3.0,1.0,2.0,2.0,False,16465.0,-0.0012738080795826612,0.01101540805518237,0.0,3.0,0.0356774176470935,0.0,1.3862943611198906,2.0,-2.643348068161334,train,-2.643348068161334,-2.232031960281373,-0.8960922775591754,-0.16695642846542064,-0.06942860116441799,-0.7126523405048482,-0.41131610787996076,-1.7472557906021584,-2.573919466996916,-2.4376900142213547,-1.4846071836168258,-1.3315035602379541,2.0,2.6,3.0,3.0,2.8,0.0,-0.6000000000000001,-1.0,2.0,2.4000000000000004,2.475,0.6048375954851508,0.9538600891828537,0.24801233676927428,0.4002276314538903,0.7403160542249679,-0.5691601778380573,-0.9181826715357602,-0.3645502138067968,0.32025750656612195,0.460596859771093,0.4650094464153101,0.018157114624505866,-0.003998277665005823,0.014097685733890586,0.003945390781563196,-0.0022136137244050946,-0.019430922704088527,0.0027244695854231615,-0.005219198861145857,0.008441653272461602,0.006745678653451992,0.0018633116705124575,3.0,4.0,4.0,0.0,1.0,1.0,2.0,0.0,3.0,4.0,4.0,0.0,1.0,1.0,3.0,0.0,2.0,3.0,2.0,0.0,6.987289009452256,-0.41131610787996076,0.1691809406015195,1.087251639168133,-1.7256456934363698,2024-06-30
2024-06-30,3.0,1.0,3.0,2.0,2.0,2.2,False,16335.0,-0.007895535985423585,0.011596053228844818,0.0,3.0,0.8301754196484884,1.0,1.3862943611198906,2.2,-1.7256456934363698,train,-1.7256456934363698,-2.643348068161334,-2.232031960281373,-0.8960922775591754,-0.16695642846542064,-1.3487421921971525,0.9177023747249642,0.5063862668450034,-1.5586892649709492,-2.1844968807988527,-1.874279499859563,-1.3786164978928563,2.0,2.0,2.6,3.0,2.6,0.20000000000000018,0.20000000000000018,-0.7999999999999998,2.100000000000002,2.2,2.4250000000000003,0.0356774176470935,0.6048375954851508,0.9538600891828537,0.24801233676927428,0.36539297178387636,0.7944980020013949,0.22533782416333759,0.5821630828792141,0.43292641864779075,0.6061376304908965,0.5231072523983866,-0.0012738080795826612,0.018157114624505866,-0.003998277665005823,0.014097685733890586,-0.010661243606335136,-0.006621727905840924,-0.02605265060992945,-0.02199322171931417,-0.004584672032503123,0.0012473732236234492,0.0022090251231264013,3.0,3.0,4.0,0.0,1.0,1.0,2.0,0.0,3.0,3.0,4.0,0.0,1.0,1.0,3.0,1.0,2.0,2.0,2.0,0.0,2.9778530592754895,0.9177023747249642,0.8421776485758385,-1.583629150800464,-2.6396897962772674,2024-07-07
2024-07-07,3.0,1.0,3.0,1.0,2.0,2.0,False,16280.0,-0.0033670033670033517,0.011504801066272649,0.0,3.0,0.05424189195036886,0.0,1.3862943611198906,2.0,-2.6396897962772674,train,-2.6396897962772674,-1.7256456934363698,-2.643348068161334,-2.232031960281373,-0.8960922775591754,-1.4591989993964942,-0.9140441028408977,0.003658271884066533,-1.7435975187180919,-2.1826677448568192,-2.310178879539086,-1.5261778475029528,2.2,2.0,2.0,2.6,2.4,-0.20000000000000018,0.0,-0.6000000000000001,2.100000000000002,2.05,2.375,0.8301754196484884,0.0356774176470935,0.6048375954851508,0.9538600891828537,0.602150186896324,-0.7759335276981195,0.01856447430327536,-0.8996181972324848,0.4422086557994284,0.3812330811827753,0.45461871553014216,-0.007895535985423585,-0.0012738080795826612,0.018157114624505866,-0.003998277665005823,-0.0007474772642331873,0.0045285326184202335,-0.0020931952874206905,0.000631274298002471,-0.005631269676213468,0.001405191798124067,0.0018815843602801308,3.0,3.0,4.0,0.0,1.0,1.0,1.0,0.0,3.0,3.0,4.0,0.0,2.0,1.0,1.0,-1.0,2.0,2.0,3.0,0.0,6.967962220570321,-0.9140441028408977,0.8354766219382215,2.412792891616527,-2.4567551977912845,2024-07-14
2024-07-14,3.0,1.0,3.0,1.0,2.0,2.0,False,16117.0,-0.010012285012285016,0.004018060563853907,0.0,6.0,0.3797379788011312,0.3333333333333333,1.9459101490553132,2.0,-2.4567551977912845,train,-2.4567551977912845,-2.6396897962772674,-1.7256456934363698,-2.643348068161334,-2.232031960281373,-1.8362299546782652,0.18293459848598292,-0.7311095043549147,-0.2247232375099113,-2.548222497034277,-2.366359688916564,-1.6037435028920803,2.0,2.2,2.0,2.0,2.2,0.0,-0.20000000000000018,0.0,2.0,2.05,2.35,0.05424189195036886,0.8301754196484884,0.0356774176470935,0.6048375954851508,0.5099173421040176,0.3254960868507623,-0.4504374408473572,-0.22509961668401962,0.21698993537574982,0.32495817701177043,0.43834629511728135,-0.0033670033670033517,-0.007895535985423585,-0.0012738080795826612,0.018157114624505866,-0.004612891160703181,-0.006645281645281664,-0.002116749026861431,-0.02816939963679088,-0.006689644189644184,-0.0056371581110736535,0.0012066601288324014,3.0,3.0,3.0,0.0,1.0,1.0,1.0,0.0,3.0,3.0,3.0,0.0,1.0,2.0,1.0,0.0,2.0,2.0,2.0,0.0,6.035646101874494,0.18293459848598292,0.033465067323227786,-0.4494255256863002,-2.644228728211722,2024-07-21
2024-07-21,2.0,1.0,3.0,1.0,2.0,1.8,False,16197.0,0.004963702922380131,0.006634436106728253,1.0,4.0,0.5703035285696387,0.75,1.6094379124341003,1.8,-2.644228728211722,train,-2.644228728211722,-2.4567551977912845,-2.6396897962772674,-1.7256456934363698,-2.643348068161334,-0.06942860116441799,-0.18747353042043757,-0.004538931934454649,-0.0008806600503881157,-2.5504919630015044,-2.366579853929161,-1.9255935187729933,2.0,2.0,2.2,2.0,3.0,-0.19999999999999996,-0.19999999999999996,-0.19999999999999996,1.9000000000000017,2.0,2.2,0.3797379788011312,0.05424189195036886,0.8301754196484884,0.0356774176470935,0.4002276314538903,0.19056554976850754,0.5160616366192698,0.5346261109225452,0.47502075368538477,0.45861470474240673,0.45960578225675,-0.010012285012285016,-0.0033670033670033517,-0.007895535985423585,-0.0012738080795826612,0.003945390781563196,0.014975987934665147,0.008330706289383483,0.006237511001962792,-0.0025242910449524425,-0.0040777803605829555,0.0013339491464345182,3.0,3.0,3.0,-1.0,1.0,1.0,1.0,0.0,3.0,3.0,3.0,0.0,1.0,1.0,1.0,0.0,2.0,2.0,2.0,0.0,6.991945567100181,-0.18747353042043757,0.035146324608302734,0.4957228949169952,-2.265009803945967,2024-07-28
2024-07-28,3.0,1.0,3.0,2.0,2.0,2.2,False,16293.0,0.005927023522874553,0.007523347709145443,1.0,2.0,0.00650990707799785,0.0,1.0986122886681098,2.2,-2.265009803945967,train,-2.265009803945967,-2.644228728211722,-2.4567551977912845,-2.6396897962772674,-1.7256456934363698,-0.16695642846542064,0.3792189242657549,0.1917453938453173,-0.5393641105095974,-2.4546192660788453,-2.50142088155656,-2.187850190708062,1.8,2.0,2.0,2.2,3.0,0.40000000000000013,0.20000000000000018,0.0,2.0000000000000018,2.0,2.1,0.5703035285696387,0.3797379788011312,0.05424189195036886,0.8301754196484884,0.24801233676927428,-0.5637936214916409,-0.3732280717231333,-0.8236655125704906,0.28840671782381805,0.2526983265997841,0.42941797854534036,0.004963702922380131,-0.010012285012285016,-0.0033670033670033517,-0.007895535985423585,0.014097685733890586,0.0009633206004944217,0.01593930853515957,0.013822559508298138,0.005445363222627342,-0.000622140483508421,0.0003126163700575141,2.0,3.0,3.0,1.0,1.0,1.0,1.0,0.0,3.0,3.0,3.0,0.0,1.0,1.0,2.0,1.0,2.0,2.0,2.0,0.0,5.130269411971349,0.3792189242657549,0.14380699252127632,-0.858934581303778,-1.8334300856040422,2024-08-04
2024-08-04,3.0,1.0,3.0,2.0,2.0,2.2,False,16210.0,-0.005094212238384577,0.007778637909221649,0.0,4.0,0.764062725007534,0.75,1.6094379124341003,2.2,-1.8334300856040422,train,-1.8334300856040422,-2.265009803945967,-2.644228728211722,-2.4567551977912845,-2.6396897962772674,-0.8960922775591754,0.431579718341925,0.8107986426076799,0.8062597106732252,-2.0492199447750057,-2.299855953888254,-2.30501741671367,2.2,1.8,2.0,2.0,2.6,0.0,0.40000000000000013,0.20000000000000018,2.2,2.05,2.05,0.00650990707799785,0.5703035285696387,0.3797379788011312,0.05424189195036886,0.9538600891828537,0.7575528179295362,0.1937591964378953,0.7098208330571651,0.3852863160427657,0.43015353486407537,0.4056933080234254,0.005927023522874553,0.004963702922380131,-0.010012285012285016,-0.0033670033670033517,-0.003998277665005823,-0.01102123576125913,-0.010057915160764708,-0.001727208871381225,0.000416405642244988,-0.0010539427013537273,0.00017562454838516983,3.0,2.0,3.0,0.0,1.0,1.0,1.0,0.0,3.0,3.0,3.0,0.0,2.0,1.0,1.0,0.0,2.0,2.0,2.0,0.0,3.3614658787980454,0.431579718341925,0.1862610532840953,-0.7912712399446039,-1.6733732674112403,2024-08-11
2024-08-11,3.0,1.0,3.0,2.0,3.0,2.4,False,15950.0,-0.01603948180135717,0.010275445376279321,0.0,2.0,0.504142570309341,0.5,1.0986122886681098,2.4,-1.6733732674112403,train,-1.6733732674112403,-1.8334300856040422,-2.265009803945967,-2.644228728211722,-2.4567551977912845,-2.232031960281373,0.16005681819280193,0.5916365365347269,0.7833819303800442,-1.7534016765076421,-2.104010471293243,-2.2351850801049036,2.2,2.2,1.8,2.0,2.0,0.19999999999999973,0.19999999999999973,0.3999999999999999,2.3000000000000016,2.15,2.1,0.764062725007534,0.00650990707799785,0.5703035285696387,0.3797379788011312,0.6048375954851508,-0.2599201546981931,0.4976326632313431,0.12440459150820976,0.6341026476584373,0.4612546827411278,0.39310642987644917,-0.005094212238384577,0.005927023522874553,0.004963702922380131,-0.010012285012285016,0.018157114624505866,-0.010945269562972593,-0.021966505324231722,-0.006027196789072153,-0.010566847019870873,-0.0025607418986217656,-0.0040989500048477095,3.0,3.0,3.0,0.0,1.0,1.0,1.0,0.0,3.0,3.0,3.0,0.0,2.0,2.0,1.0,0.0,2.0,2.0,2.0,1.0,2.80017809208657,0.16005681819280193,0.025618185050003652,-0.2678348008307358,-2.665940791745131,2024-08-18
2024-08-18,3.0,1.0,3.0,1.0,2.0,2.0,False,15699.0,-0.015736677115987474,0.010434173000249451,0.0,3.0,0.030346998013555965,0.0,1.3862943611198906,2.0,-2.665940791745131,train,-2.665940791745131,-1.6733732674112403,-1.8334300856040422,-2.265009803945967,-2.644228728211722,-2.643348068161334,-0.992567524333891,-0.832510706141089,-0.021712063533409154,-2.1696570295781865,-2.109438487176595,-2.238009170552878,2.4,2.2,2.2,1.8,2.0,-0.3999999999999999,-0.20000000000000018,0.19999999999999996,2.200000000000002,2.2,2.1,0.504142570309341,0.764062725007534,0.00650990707799785,0.5703035285696387,0.0356774176470935,-0.473795572295785,-0.733715726993978,-0.5399565305560827,0.26724478416144826,0.3262655501021071,0.392440127422257,-0.01603948180135717,-0.005094212238384577,0.005927023522874553,0.004963702922380131,-0.0012738080795826612,0.0003028046853696953,-0.010642464877602897,-0.020700380038367605,-0.015888079458672322,-0.007735836908213667,-0.005906808634398311,3.0,3.0,2.0,0.0,1.0,1.0,1.0,0.0,3.0,3.0,3.0,0.0,2.0,2.0,1.0,-1.0,3.0,2.0,2.0,-1.0,7.107240305090657,-0.992567524333891,0.9851902903623092,2.646126251683198,-1.94839678559428,2024-08-25
2024-08-25,3.0,1.0,3.0,2.0,2.0,2.2,False,15559.0,-0.008917765462768346,0.005361814324119938,0.0,5.0,0.6211267177015543,0.6,1.791759469228055,2.2,-1.94839678559428,train,-1.94839678559428,-2.665940791745131,-1.6733732674112403,-1.8334300856040422,-2.265009803945967,-1.7256456934363698,0.7175440061508511,-0.27502351818303983,0.3166130183516871,-2.3071687886697063,-2.0302852325886738,-2.2658530570726167,2.0,2.4,2.2,2.2,2.2,0.20000000000000018,-0.19999999999999973,0.0,2.100000000000002,2.2,2.1,0.030346998013555965,0.504142570309341,0.764062725007534,0.00650990707799785,0.8301754196484884,0.5907797196879983,0.1169841473922133,0.6146168106235564,0.3257368578575549,0.4799197527579962,0.3663090396788903,-0.015736677115987474,-0.01603948180135717,-0.005094212238384577,0.005927023522874553,-0.007895535985423585,0.0068189116532191285,0.007121716338588824,-0.014844788985642898,-0.01232722128937791,-0.011447034154624391,-0.006034587319066406,3.0,3.0,3.0,0.0,1.0,1.0,1.0,0.0,3.0,3.0,3.0,0.0,1.0,2.0,2.0,1.0,2.0,3.0,2.0,0.0,3.796250034114123,0.7175440061508511,0.5148694007630127,-1.3980604351067607,-0.8131080228687181,2024-09-01
2024-09-01,3.0,2.0,3.0,3.0,2.0,2.6,False,15496.0,-0.004049103412815724,0.005783457108737921,0.0,7.0,0.5683191704364228,0.5714285714285714,2.0794415416798357,2.6,-0.8131080228687181,train,-0.8131080228687181,-1.94839678559428,-2.665940791745131,-1.6733732674112403,-1.8334300856040422,-2.6396897962772674,1.135288762725562,1.852832768876413,1.0203220627353242,-1.3807524042315003,-1.7752047169048424,-2.037530335396548,2.2,2.0,2.4,2.2,2.0,0.3999999999999999,0.6000000000000001,0.3999999999999999,2.400000000000002,2.3,2.175,0.6211267177015543,0.030346998013555965,0.504142570309341,0.764062725007534,0.05424189195036886,-0.05280754726513148,0.5379721724228668,-0.19574355457111126,0.5947229440689883,0.43098386411521844,0.430568699489647,-0.008917765462768346,-0.015736677115987474,-0.01603948180135717,-0.005094212238384577,-0.0033670033670033517,0.004868662049952621,0.01168757370317175,0.0010451088255688523,-0.006483434437792035,-0.011185756948232178,-0.006119849824792953,3.0,3.0,3.0,0.0,1.0,1.0,1.0,1.0,3.0,3.0,3.0,0.0,2.0,1.0,2.0,1.0,2.0,2.0,2.0,0.0,0.6611446568534758,1.135288762725562,1.288880574770937,-0.9231124012448548,-2.0592304495632523,2024-09-08
2024-09-08,3.0,1.0,3.0,2.0,2.0,2.2,False,15414.0,-0.005291688177594178,0.005248738361557325,0.0,2.0,0.2752524660900235,0.5,1.0986122886681098,2.2,-2.0592304495632523,train,-2.0592304495632523,-0.8131080228687181,-1.94839678559428,-2.665940791745131,-1.6733732674112403,-2.4567551977912845,-1.246122426694534,-0.11083366396897221,-0.38585718215201203,-1.4361692362159864,-1.8716690124428452,-1.9878397418680442,2.6,2.2,2.0,2.4,2.0,-0.3999999999999999,0.0,-0.19999999999999973,2.400000000000002,2.25,2.2,0.5683191704364228,0.6211267177015543,0.030346998013555965,0.504142570309341,0.3797379788011312,-0.29306670434639925,-0.34587425161153074,-0.22889010421931744,0.4217858182632229,0.373761338060389,0.4175080104007585,-0.004049103412815724,-0.008917765462768346,-0.015736677115987474,-0.01603948180135717,-0.010012285012285016,-0.0012425847647784538,0.0036260772851741674,0.010747793623762991,-0.004670395795204951,-0.00849880854229143,-0.005529775220456598,3.0,3.0,3.0,0.0,2.0,1.0,1.0,-1.0,3.0,3.0,3.0,0.0,3.0,2.0,2.0,-1.0,2.0,2.0,3.0,0.0,4.240430044408474,-1.246122426694534,1.5528211023110745,2.566053244933036,-1.950858569699765,2024-09-15
2024-09-15,3.0,1.0,3.0,2.0,2.0,2.2,False,15407.0,-0.0004541326067211138,0.0034923149396482427,0.0,5.0,0.5787233903538436,0.6,1.791759469228055,2.2,-1.950858569699765,train,-1.950858569699765,-2.0592304495632523,-0.8131080228687181,-1.94839678559428,-2.665940791745131,-2.644228728211722,0.1083718798634874,-1.1377505468310467,0.7150822220453663,-2.0050445096315097,-1.6928984569315038,-1.9011684720540496,2.2,2.6,2.2,2.0,1.8,0.0,-0.3999999999999999,0.20000000000000018,2.2,2.3,2.25,0.2752524660900235,0.5683191704364228,0.6211267177015543,0.030346998013555965,0.5703035285696387,0.30347092426382005,0.010404219917420798,0.5483763923402876,0.4269879282219333,0.5108554361454609,0.41856049312378407,-0.005291688177594178,-0.004049103412815724,-0.008917765462768346,-0.015736677115987474,0.004963702922380131,0.004837555570873064,0.0035949708060946106,0.01528254450926636,-0.002872910392157646,-0.0046781724149748405,-0.006207004661594254,3.0,3.0,3.0,0.0,1.0,2.0,1.0,0.0,3.0,3.0,3.0,0.0,2.0,3.0,1.0,0.0,2.0,2.0,2.0,0.0,3.8058491589710126,0.1083718798634874,0.011744464345146146,-0.21141821054615778,-0.9998373472402173,2024-09-22
2024-09-22,3.0,2.0,4.0,2.0,2.0,2.6,False,15162.0,-0.01590186278964112,0.006643078188629638,0.0,4.0,0.26255155168473715,0.25,1.6094379124341003,2.6,-0.9998373472402173,train,-0.9998373472402173,-1.950858569699765,-2.0592304495632523,-0.8131080228687181,-1.94839678559428,-2.265009803945967,0.9510212224595476,1.059393102323035,0.9485594383540628,-1.4753479584699922,-1.4557585973429883,-1.7430219149658308,2.2,2.2,2.6,2.2,2.2,0.3999999999999999,0.3999999999999999,0.3999999999999999,2.400000000000002,2.4000000000000004,2.3000000000000003,0.5787233903538436,0.2752524660900235,0.5683191704364228,0.6211267177015543,0.00650990707799785,-0.3161718386691064,-0.012700914405286368,-0.3585751660168171,0.42063747101929017,0.42121164464125666,0.45056569869962654,-0.0004541326067211138,-0.005291688177594178,-0.004049103412815724,-0.008917765462768346,0.005927023522874553,-0.015447730182920005,-0.010610174612046941,-0.0069840973268727735,-0.008177997698181116,-0.006424196746693034,-0.008935615450658713,3.0,3.0,3.0,0.0,1.0,1.0,1.0,1.0,3.0,3.0,3.0,1.0,2.0,2.0,2.0,0.0,2.0,2.0,2.0,0.0,0.9996747209363549,0.9510212224595476,0.9044413655684522,-0.9508665362331027,-0.03046473395443515,2024-09-29
2024-09-29,3.0,2.0,3.0,4.0,3.0,3.0,False,15109.0,-0.003495581057907926,0.006714426960393187,0.0,4.0,0.7107952274382114,0.75,1.6094379124341003,3.0,-0.03046473395443515,train,-0.03046473395443515,-0.9998373472402173,-1.950858569699765,-2.0592304495632523,-0.8131080228687181,-1.8334300856040422,0.9693726132857822,1.9203938357453298,0.7826432889142829,-0.5151510405973273,-1.2600977751144173,-1.5176512460096299,2.6,2.2,2.2,2.6,2.2,0.3999999999999999,0.7999999999999998,0.3999999999999999,2.8000000000000016,2.5,2.4000000000000004,0.26255155168473715,0.5787233903538436,0.2752524660900235,0.5683191704364228,0.764062725007534,0.4482436757534743,0.13207183708436787,0.14247605700178867,0.4866733895614741,0.4568306588917038,0.4439072615034612,-0.01590186278964112,-0.0004541326067211138,-0.005291688177594178,-0.004049103412815724,-0.005094212238384577,0.012406281731733193,-0.0030414484511868123,0.0005535223549077983,-0.009698721923774523,-0.006285816157966084,-0.008735786553099131,3.0,3.0,3.0,0.0,2.0,1.0,2.0,0.0,4.0,3.0,3.0,-1.0,2.0,2.0,3.0,2.0,2.0,2.0,2.0,1.0,0.0009281000149145139,0.9693726132857822,0.9396832633885066,-0.029531678766466903,-2.2486888021842266,2024-10-06
2024-10-06,3.0,1.0,3.0,2.0,2.0,2.2,False,15564.0,0.03011450129062143,0.01954350569857888,1.0,3.0,0.02958092900613937,0.0,1.3862943611198906,2.2,-2.2486888021842266,train,-2.2486888021842266,-0.03046473395443515,-0.9998373472402173,-1.950858569699765,-2.0592304495632523,-1.6733732674112403,-2.2182240682297913,-1.2488514549440093,-0.18945835262097432,-1.139576768069332,-1.3074623632696611,-1.5895656878562534,3.0,2.6,2.2,2.2,2.4,-0.7999999999999998,-0.3999999999999999,0.0,2.600000000000002,2.5,2.375,0.7107952274382114,0.26255155168473715,0.5787233903538436,0.2752524660900235,0.504142570309341,-0.681214298432072,-0.23297062267859778,-0.24567153708388415,0.3701880782221752,0.39541277462073277,0.384587056340561,-0.003495581057907926,-0.01590186278964112,-0.0004541326067211138,-0.005291688177594178,-0.01603948180135717,0.03361008234852936,0.04601636408026255,0.03540618946821561,0.013309460116356753,0.002565731209087818,-0.002966538666601806,3.0,3.0,3.0,0.0,2.0,2.0,1.0,-1.0,3.0,4.0,3.0,0.0,4.0,2.0,2.0,-2.0,3.0,2.0,2.0,-1.0,5.056601329068732,-2.2182240682297913,4.920518016873926,4.988095622963872,-0.7745021873487081,2024-10-13
2024-10-13,3.0,2.0,3.0,2.0,2.0,2.4,False,15581.0,0.001092264199434645,0.019479044610068687,1.0,2.0,0.9447639286518097,1.0,1.0986122886681098,2.4,-0.7745021873487081,train,-0.7745021873487081,-2.2486888021842266,-0.03046473395443515,-0.9998373472402173,-1.950858569699765,-2.665940791745131,1.4741866148355185,-0.744037453394273,1.1763563823510568,-1.5115954947664683,-1.0133732676818967,-1.3531358623067005,2.2,3.0,2.6,2.2,2.0,0.19999999999999973,-0.6000000000000001,0.19999999999999973,2.3000000000000016,2.55,2.425,0.02958092900613937,0.7107952274382114,0.26255155168473715,0.5787233903538436,0.030346998013555965,0.9151829996456703,0.23396870121359825,0.3660405382979661,0.4871724288289743,0.4869229091952243,0.4988891726703427,0.03011450129062143,-0.003495581057907926,-0.01590186278964112,-0.0004541326067211138,-0.015736677115987474,-0.029022237091186787,0.004587845257342571,0.0015463968061557587,0.015603382745028038,0.002952330410626758,-0.0008629210021740413,3.0,3.0,3.0,0.0,1.0,2.0,1.0,1.0,3.0,3.0,3.0,0.0,2.0,4.0,2.0,0.0,2.0,3.0,2.0,0.0,0.5998536382079334,1.4741866148355185,2.1732261753602056,-1.1417607577502966,-1.3714073344494424,2024-10-20
2024-10-20,4.0,1.0,3.0,2.0,2.0,2.4,False,15492.0,-0.005712085232013386,0.016652658869682584,0.0,5.0,0.7853345904033631,0.8,1.791759469228055,2.4,-1.3714073344494424,train,-1.3714073344494424,-0.7745021873487081,-2.2486888021842266,-0.03046473395443515,-0.9998373472402173,-1.94839678559428,-0.5969051471007343,0.8772814677347842,-0.37156998720922507,-1.0729547608990762,-1.106265764484203,-1.2810121809135957,2.4,2.2,3.0,2.6,2.2,0.0,0.19999999999999973,-0.20000000000000018,2.4,2.5,2.45,0.9447639286518097,0.02958092900613937,0.7107952274382114,0.26255155168473715,0.6211267177015543,-0.15942933824844663,0.7557536613972237,0.5227830387186259,0.8650492595275862,0.6176186688748808,0.5194151567580688,0.001092264199434645,0.03011450129062143,-0.003495581057907926,-0.01590186278964112,-0.008917765462768346,-0.006804349431448031,-0.03582658652263482,0.010189777557627733,-0.0023099105162893707,0.005499774800033691,-0.0004622109733296714,3.0,3.0,3.0,1.0,2.0,1.0,2.0,-1.0,3.0,3.0,4.0,0.0,2.0,2.0,2.0,0.0,2.0,2.0,2.0,0.0,1.8807580769817247,-0.5969051471007343,0.35629575463534924,0.8186000967045703,-0.9614486247061977,2024-10-27
2024-10-27,4.0,1.0,3.0,3.0,3.0,2.8,False,15685.0,0.012458042860831409,0.015661041692150452,1.0,7.0,0.3568629607658035,0.42857142857142855,2.0794415416798357,2.8,-0.9614486247061977,train,-0.9614486247061977,-1.3714073344494424,-0.7745021873487081,-2.2486888021842266,-0.03046473395443515,-0.8131080228687181,0.40995870974324466,-0.18694643735748961,-0.9309838907517626,-1.166427979577821,-1.3390117371721437,-1.2995547561432808,2.4,2.4,2.2,3.0,2.6,0.3999999999999999,0.3999999999999999,-0.20000000000000018,2.6000000000000014,2.45,2.4749999999999996,0.7853345904033631,0.9447639286518097,0.02958092900613937,0.7107952274382114,0.5683191704364228,-0.4284716296375596,-0.5879009678860062,-0.35393226667240796,0.5710987755845831,0.5291356022067788,0.4929831305492414,-0.005712085232013386,0.001092264199434645,0.03011450129062143,-0.003495581057907926,-0.004049103412815724,0.018170128092844795,0.011365778661396764,0.015953623918739335,0.003372978814409011,0.009488180779718525,0.0016011823108762202,4.0,3.0,3.0,0.0,1.0,2.0,2.0,0.0,3.0,3.0,3.0,0.0,2.0,2.0,4.0,1.0,2.0,2.0,3.0,1.0,0.9243834579494391,0.40995870974324466,0.16806614369434592,-0.3941542376689699,-1.2780865963382582,2024-11-03
2024-11-03,4.0,1.0,3.0,2.0,3.0,2.6,False,15739.0,0.003442779725852718,0.007506914011458034,1.0,3.0,0.3564333845279179,0.3333333333333333,1.3862943611198906,2.6,-1.2780865963382582,train,-1.2780865963382582,-0.9614486247061977,-1.3714073344494424,-0.7745021873487081,-2.2486888021842266,-2.0592304495632523,-0.3166379716320604,0.09332073811118424,0.9706022058459685,-1.1197676105222287,-1.0963611857106517,-1.2019117744901564,2.8,2.4,2.4,2.2,2.2,-0.19999999999999973,0.20000000000000018,0.3999999999999999,2.700000000000002,2.55,2.525,0.3568629607658035,0.7853345904033631,0.9447639286518097,0.02958092900613937,0.2752524660900235,-0.0004295762378855872,-0.42890120587544517,0.32685245552177855,0.35664817264686044,0.6108487160872235,0.5031307453539782,0.012458042860831409,-0.005712085232013386,0.001092264199434645,0.03011450129062143,-0.005291688177594178,-0.00901526313497869,0.009154864957866105,-0.026671721564768713,0.007950411293342063,0.0028202503885263464,0.0026929907988070823,4.0,4.0,3.0,0.0,1.0,1.0,1.0,0.0,3.0,3.0,3.0,0.0,3.0,2.0,2.0,-1.0,3.0,2.0,2.0,0.0,1.6335053477395136,-0.3166379716320604,0.1002596050792655,0.40469074743467004,-0.6014897352296363,2024-11-10
2024-11-10,4.0,1.0,3.0,4.0,3.0,3.0,False,15598.0,-0.008958637778766154,0.009653365328048665,0.0,4.0,0.4626223708037287,0.5,1.6094379124341003,3.0,-0.6014897352296363,train,-0.6014897352296363,-1.2780865963382582,-0.9614486247061977,-1.3714073344494424,-0.7745021873487081,-1.950858569699765,0.6765968611086218,0.3599588894765614,0.1730124521190718,-0.9397881657839482,-1.0531080726808837,-1.0332406701813903,2.6,2.8,2.4,2.4,2.2,0.3999999999999999,0.20000000000000018,0.6000000000000001,2.8000000000000016,2.7,2.625,0.3564333845279179,0.3568629607658035,0.7853345904033631,0.9447639286518097,0.5787233903538436,0.1061889862758108,0.10575941003792522,-0.482141557848081,0.4095278776658231,0.49031332662520327,0.48861811791021387,0.003442779725852718,0.012458042860831409,-0.005712085232013386,0.001092264199434645,-0.0004541326067211138,-0.012401417504618872,-0.021416680639597563,-0.010050901978200799,-0.002757929026456718,0.0003075248939761466,0.0016299276523014522,4.0,4.0,3.0,0.0,1.0,1.0,2.0,0.0,3.0,3.0,3.0,0.0,2.0,3.0,2.0,2.0,3.0,3.0,2.0,0.0,0.361789901586618,0.6765968611086218,0.4577833124620397,-0.40696606684542797,-0.41188629021165946,2024-11-17
2024-11-17,4.0,2.0,3.0,2.0,3.0,2.8,False,15884.0,0.01833568406205921,0.011885108348768538,1.0,9.0,0.4204846075024559,0.4444444444444444,2.302585092994046,2.8,-0.41188629021165946,train,-0.41188629021165946,-0.6014897352296363,-1.2780865963382582,-0.9614486247061977,-1.3714073344494424,-0.9998373472402173,0.18960344501797688,0.8662003061265987,0.959521044237783,-0.5066880127206488,-0.813227811621438,-0.9597467880528207,3.0,2.6,2.8,2.4,2.6,-0.20000000000000018,0.19999999999999973,0.3999999999999999,2.9000000000000017,2.8,2.65,0.4626223708037287,0.3564333845279179,0.3568629607658035,0.7853345904033631,0.26255155168473715,-0.04213776330127278,0.06405122297453802,-0.36484998290090714,0.4415534891530921,0.3991008308999765,0.5083597498874287,-0.008958637778766154,0.003442779725852718,0.012458042860831409,-0.005712085232013386,-0.01590186278964112,0.027294321840825364,0.014892904336206492,0.024047769294072596,0.004688523141646528,0.006319467217494296,0.005909621008763993,4.0,4.0,4.0,0.0,1.0,1.0,1.0,1.0,3.0,3.0,3.0,0.0,4.0,2.0,2.0,-2.0,3.0,3.0,2.0,0.0,0.16965031606432335,0.18960344501797688,0.03594946636268498,-0.07809505957980484,-0.7567757576826204,2024-11-24
2024-11-24,4.0,2.0,3.0,2.0,2.0,2.6,False,15914.0,0.0018886930244270683,0.011221842709879196,1.0,3.0,0.34201800636947155,0.3333333333333333,1.3862943611198906,2.6,-0.7567757576826204,train,-0.7567757576826204,-0.41188629021165946,-0.6014897352296363,-1.2780865963382582,-0.9614486247061977,-0.03046473395443515,-0.34488946747096094,-0.15528602245298406,0.20467286702357734,-0.5843310239471409,-0.7620595948655435,-1.0505356660188439,2.8,3.0,2.6,2.8,3.0,-0.19999999999999973,-0.3999999999999999,-0.19999999999999973,2.700000000000002,2.75,2.5999999999999996,0.4204846075024559,0.4626223708037287,0.3564333845279179,0.3568629607658035,0.7107952274382114,-0.07846660113298437,-0.12060436443425715,-0.014844954396331933,0.38125130693596354,0.39538959230089343,0.4622625972538362,0.01833568406205921,-0.008958637778766154,0.003442779725852718,0.012458042860831409,-0.003495581057907926,-0.01644699103763214,0.010847330803193223,-0.01056934983640434,0.010112188543243139,0.0036771297583932105,0.006582655269055868,4.0,4.0,4.0,0.0,2.0,1.0,1.0,0.0,3.0,3.0,3.0,0.0,2.0,4.0,3.0,0.0,3.0,3.0,3.0,-1.0,0.5727095474161041,-0.34488946747096094,0.11894874477240303,0.2610039880620919,0.7838423736523624,2024-12-01
2024-12-01,5.0,2.0,4.0,4.0,3.0,3.6,False,15863.0,-0.0032047253990197255,0.011748006083152502,0.0,3.0,0.11185338441282507,0.0,1.3862943611198906,3.8,0.7838423736523624,train,0.7838423736523624,-0.7567757576826204,-0.41188629021165946,-0.6014897352296363,-1.2780865963382582,-2.2486888021842266,1.5406181313349827,1.1957286638640219,2.0619289699906207,0.013533307984870124,-0.24657735236788844,-0.6714692690392701,2.6,2.8,3.0,2.6,2.2,1.0,0.8000000000000003,1.0,3.100000000000002,3.0,2.775,0.34201800636947155,0.4204846075024559,0.4626223708037287,0.3564333845279179,0.02958092900613937,-0.2301646219566465,-0.30863122308963087,-0.24458000011509284,0.22693569539114808,0.3342445922721202,0.47254665417967195,0.0018886930244270683,0.01833568406205921,-0.008958637778766154,0.003442779725852718,0.03011450129062143,-0.005093418423446794,-0.021540409461078935,-0.006647505124872444,-0.0006580161872963286,0.0020152534771750996,0.002417751932850723,4.0,4.0,4.0,1.0,2.0,2.0,1.0,0.0,3.0,3.0,3.0,1.0,2.0,2.0,2.0,2.0,2.0,3.0,3.0,1.0,0.6144088667329698,1.5406181313349827,2.373504226598094,1.20760177295748,-0.48288134440356506,2024-12-08
2024-12-08,4.0,2.0,3.0,2.0,3.0,2.8,False,15824.0,-0.002458551345899229,0.010051082863360521,0.0,3.0,0.3231265647724892,0.3333333333333333,1.3862943611198906,2.8,-0.48288134440356506,train,-0.48288134440356506,0.7838423736523624,-0.7567757576826204,-0.41188629021165946,-0.6014897352296363,-0.7745021873487081,-1.2667237180559274,0.27389441327905534,0.11860839082607127,0.1504805146243978,-0.21692525466137064,-0.6350166636711272,3.6,2.6,2.8,3.0,2.4,-0.8000000000000003,0.19999999999999973,-0.20000000000000018,3.200000000000002,2.9499999999999997,2.825,0.11185338441282507,0.34201800636947155,0.4204846075024559,0.4626223708037287,0.9447639286518097,0.21127318035966414,-0.01889144159698236,-0.1394958060312395,0.2174899745926569,0.29937064076431036,0.39484198369475687,-0.0032047253990197255,0.0018886930244270683,0.01833568406205921,-0.008958637778766154,0.001092264199434645,0.0007461740531204963,-0.0043472443703262975,0.006500086432866925,-0.0028316383724594774,0.003640275085391831,0.0019738999896839887,5.0,4.0,4.0,-1.0,2.0,2.0,1.0,0.0,4.0,3.0,3.0,-1.0,4.0,2.0,4.0,-2.0,3.0,2.0,3.0,0.0,0.23317439277299443,-1.2667237180559274,1.6045889778854328,0.6116772519627287,-1.8035394440054657,2024-12-15
2024-12-15,4.0,1.0,3.0,1.0,3.0,2.4,False,16020.0,0.01238624873609706,0.007182405936529462,1.0,2.0,0.010408068774268,0.0,1.0986122886681098,2.4,-1.8035394440054657,train,-1.8035394440054657,-0.48288134440356506,0.7838423736523624,-0.7567757576826204,-0.41188629021165946,-1.3714073344494424,-1.3206580996019006,-2.5873818176578283,-1.3916531537938064,-1.1432103942045162,-0.5648385431098222,-0.6890331773656301,2.8,3.6,2.6,2.8,2.4,-0.3999999999999999,-1.2000000000000002,-0.3999999999999999,2.6000000000000014,2.85,2.8249999999999997,0.3231265647724892,0.11185338441282507,0.34201800636947155,0.4204846075024559,0.7853345904033631,-0.3127184959982212,-0.10144531563855706,-0.41007653872818794,0.16676731677337836,0.1968515060822634,0.29797616849111996,-0.002458551345899229,-0.0032047253990197255,0.0018886930244270683,0.01833568406205921,-0.005712085232013386,0.01484480008199629,0.015590974135116786,-0.005949435325962149,0.004963848695098916,0.0021529162539012936,0.004236191735697795,4.0,5.0,4.0,0.0,2.0,2.0,2.0,-1.0,3.0,4.0,3.0,0.0,2.0,4.0,2.0,-1.0,3.0,3.0,3.0,0.0,3.2527545260835447,-1.3206580996019006,1.7441378160441037,2.3818589746773267,-1.2643312711696784,2024-12-22
2024-12-22,4.0,1.0,3.0,2.0,3.0,2.6,False,16230.0,0.013108614232209659,0.009004567570793999,1.0,12.0,0.49522855984590325,0.4166666666666667,2.5649493574615367,2.6,-1.2643312711696784,train,-1.2643312711696784,-1.8035394440054657,-0.48288134440356506,0.7838423736523624,-0.7567757576826204,-0.9614486247061977,0.5392081728357874,-0.7814499267661132,-0.507555513487058,-1.533935357587573,-0.6917274214815867,-0.7268935081735652,2.4,2.8,3.6,2.6,2.8,0.20000000000000018,-0.19999999999999973,0.0,2.5000000000000018,2.85,2.8000000000000003,0.010408068774268,0.3231265647724892,0.11185338441282507,0.34201800636947155,0.3568629607658035,0.4848204910716353,0.17210199507341406,0.1532105534764317,0.2528183143100854,0.2351541444513713,0.3152718683761324,0.01238624873609706,-0.002458551345899229,-0.0032047253990197255,0.0018886930244270683,0.012458042860831409,0.000722365496112598,0.015567165578108888,0.01121992120778259,0.01274743148415336,0.004957896555846941,0.004317513157120076,4.0,4.0,4.0,0.0,1.0,2.0,2.0,0.0,3.0,3.0,3.0,0.0,1.0,2.0,2.0,1.0,3.0,3.0,2.0,0.0,1.5985335632575348,0.5392081728357874,0.2907454536529083,-0.6817377545865507,-0.37542755596681215,2024-12-29
2024-12-29,5.0,1.0,3.0,4.0,2.0,3.0,False,16218.0,-0.0007393715341958984,0.008317805910676072,0.0,2.0,0.5672633796930313,0.5,1.0986122886681098,3.0,-0.37542755596681215,train,-0.37542755596681215,-1.2643312711696784,-1.8035394440054657,-0.48288134440356506,0.7838423736523624,-1.2780865963382582,0.8889037152028663,1.4281118880386536,-1.1592699296191746,-0.8198794135682461,-0.9815449038863804,-0.6140611281271344,2.6,2.4,2.8,3.6,2.6,0.3999999999999999,0.6000000000000001,-0.6000000000000001,2.8000000000000016,2.7,2.85,0.49522855984590325,0.010408068774268,0.3231265647724892,0.11185338441282507,0.3564333845279179,0.07203481984712806,0.5568553109187633,0.45540999528020626,0.531245969769467,0.34900664327142283,0.3416256177717716,0.013108614232209659,0.01238624873609706,-0.002458551345899229,-0.0032047253990197255,0.003442779725852718,-0.013847985766405557,-0.01312562027029296,0.002465353864823827,0.00618462134900688,0.005574235022052898,0.003794744249613999,4.0,4.0,5.0,1.0,1.0,1.0,2.0,0.0,3.0,3.0,4.0,0.0,2.0,1.0,4.0,2.0,3.0,3.0,3.0,-1.0,0.14094584977921387,0.8889037152028663,0.7901498149014584,-0.3337189492884313,-1.3504726869327388,2025-01-05
2025-01-05,4.0,1.0,3.0,2.0,3.0,2.6,False,16219.0,6.165988407946799e-05,0.007568193248958675,1.0,4.0,0.2830380141967907,0.25,1.6094379124341003,2.6,-1.3504726869327388,train,-1.3504726869327388,-0.37542755596681215,-1.2643312711696784,-1.8035394440054657,-0.48288134440356506,-0.6014897352296363,-0.9750451309659267,-0.08614141576306045,-0.8675913425291737,-0.8629501214497763,-1.1984427395186739,-0.7076839970900223,3.0,2.6,2.4,2.8,3.0,-0.3999999999999999,0.0,-0.19999999999999973,2.8000000000000016,2.65,2.8,0.5672633796930313,0.49522855984590325,0.010408068774268,0.3231265647724892,0.4626223708037287,-0.2842253654962406,-0.21219054564911255,-0.04008855057569849,0.4251506969449108,0.33898450562749827,0.31917757319590434,-0.0007393715341958984,0.013108614232209659,0.01238624873609706,-0.002458551345899229,-0.008958637778766154,0.0008010314182753664,-0.01304695434813019,0.002520211229978697,-0.0003388558250582152,0.006204287829547572,0.004922281457469702,5.0,4.0,4.0,-1.0,1.0,1.0,2.0,0.0,3.0,3.0,3.0,0.0,4.0,2.0,2.0,-2.0,2.0,3.0,3.0,1.0,1.8237764781513313,-0.9750451309659267,0.9507130074203611,1.3167718178962393,-0.8942251354227589,2025-01-12
2025-01-12,4.0,2.0,3.0,1.0,3.0,2.6,False,16189.0,-0.0018496824711757842,0.007019425659815469,0.0,7.0,0.24701164240416665,0.2857142857142857,2.0794415416798357,2.6,-0.8942251354227589,train,-0.8942251354227589,-1.3504726869327388,-0.37542755596681215,-1.2643312711696784,-1.8035394440054657,-0.41188629021165946,0.45624755150997987,-0.5187975794559467,0.9093143085827068,-1.1223489111777498,-0.9711141623729971,-0.7679763527414096,2.6,3.0,2.6,2.4,2.8,0.0,-0.3999999999999999,0.20000000000000018,2.6,2.7,2.775,0.2830380141967907,0.5672633796930313,0.49522855984590325,0.010408068774268,0.4204846075024559,-0.03602637179262405,-0.3202517372888647,0.23660357362989864,0.26502482830047847,0.3981353990349729,0.2974934525586182,6.165988407946799e-05,-0.0007393715341958984,0.013108614232209659,0.01238624873609706,0.01833568406205921,-0.0019113423552552522,-0.0011103109369798858,-0.014235931207272845,-0.0008940112935481581,0.002645305027729361,0.0023991106408153273,4.0,5.0,4.0,0.0,1.0,1.0,1.0,1.0,3.0,3.0,3.0,0.0,2.0,4.0,1.0,-1.0,3.0,2.0,3.0,0.0,0.7996385928218516,0.45624755150997987,0.20816182825885174,-0.4079880285353139,-0.38667094699874544,2025-01-19
2025-01-19,4.0,2.0,4.0,2.0,2.0,2.8,False,16398.0,0.012910000617703421,0.006920748610406524,1.0,3.0,0.3734811620088294,0.3333333333333333,1.3862943611198906,2.8,-0.38667094699874544,train,-0.38667094699874544,-0.8942251354227589,-1.3504726869327388,-0.37542755596681215,-1.2643312711696784,-0.7567757576826204,0.5075541884240136,0.9638017399339933,0.8776603241709329,-0.640448041210753,-0.751699081330264,-0.7217132514059253,2.6,2.6,3.0,2.6,2.6,0.19999999999999973,0.19999999999999973,0.19999999999999973,2.700000000000002,2.75,2.8000000000000003,0.24701164240416665,0.2830380141967907,0.5672633796930313,0.49522855984590325,0.34201800636947155,0.12646951960466277,0.09044314781203872,-0.12174739783707383,0.3102464022064978,0.36769854957570447,0.30142634701353793,-0.0018496824711757842,6.165988407946799e-05,-0.0007393715341958984,0.013108614232209659,0.0018886930244270683,0.014759683088879205,0.012848340733623953,-0.00019861361450623782,0.005530159073263818,0.0025956516241028016,0.0037767740899748714,4.0,4.0,4.0,0.0,2.0,1.0,1.0,0.0,3.0,3.0,3.0,1.0,1.0,2.0,2.0,1.0,3.0,3.0,3.0,-1.0,0.1495144212529066,0.5075541884240136,0.25761125418675906,-0.196256458691093,-1.885481227285305,2025-01-26
2025-01-26,4.0,1.0,3.0,2.0,2.0,2.4,False,16139.0,-0.015794609098670587,0.011748823337393296,0.0,3.0,0.023143678903579667,0.0,1.3862943611198906,2.4,-1.885481227285305,train,-1.885481227285305,-0.38667094699874544,-0.8942251354227589,-1.3504726869327388,-0.37542755596681215,0.7838423736523624,-1.4988102802865595,-0.991256091862546,-1.5100536713184929,-1.1360760871420261,-1.129212499159887,-1.0553787015231337,2.8,2.6,2.6,3.0,3.6,-0.3999999999999999,-0.20000000000000018,-0.6000000000000001,2.6000000000000014,2.5999999999999996,2.65,0.3734811620088294,0.24701164240416665,0.2830380141967907,0.5672633796930313,0.11185338441282507,-0.35033748310524976,-0.223867963500587,-0.5441197007894516,0.19831242045620434,0.23166862437834157,0.29033763382488226,0.012910000617703421,-0.0018496824711757842,6.165988407946799e-05,-0.0007393715341958984,-0.0032047253990197255,-0.028704609716374008,-0.013944926627494802,-0.015055237564474688,-0.0014423042404835829,-0.0011681577670158705,0.0022030386275185138,4.0,4.0,5.0,0.0,2.0,2.0,1.0,-1.0,4.0,3.0,3.0,-1.0,2.0,1.0,4.0,0.0,2.0,3.0,2.0,0.0,3.5550394584453,-1.4988102802865595,2.246432256292675,2.8259786467425343,-0.14350835707362783,2025-02-02
2025-02-02,4.0,2.0,4.0,2.0,2.0,2.8,False,16300.0,0.009975834934010885,0.013066598059878393,1.0,4.0,0.7459828117862344,0.75,1.6094379124341003,2.8,-0.14350835707362783,train,-0.14350835707362783,-1.885481227285305,-0.38667094699874544,-0.8942251354227589,-1.3504726869327388,-0.48288134440356506,1.7419728702116772,0.2431625899251176,1.206964329859111,-1.0144947921794671,-0.8274714166951093,-1.0129570781068915,2.4,2.8,2.6,2.6,2.8,0.3999999999999999,0.0,0.19999999999999973,2.6000000000000014,2.65,2.65,0.023143678903579667,0.3734811620088294,0.24701164240416665,0.2830380141967907,0.3231265647724892,0.7228391328826547,0.37250164977740496,0.4629447975894437,0.3845632453449068,0.3474048237757025,0.3431946647016004,-0.015794609098670587,0.012910000617703421,-0.0018496824711757842,6.165988407946799e-05,-0.002458551345899229,0.025770444032681472,-0.0029341656836925356,0.009914175049931417,-0.0029093870823298507,0.0013103859954669839,0.003757336912507278,4.0,4.0,4.0,0.0,1.0,2.0,1.0,1.0,3.0,4.0,3.0,1.0,2.0,2.0,2.0,0.0,2.0,2.0,3.0,0.0,0.020594648549971867,1.7419728702116772,3.034469480553509,-0.24998766467090971,0.7456623297169891,2025-02-09
2025-02-09,4.0,2.0,4.0,2.0,5.0,3.4,False,16318.0,0.0011042944785275566,0.012911014685400641,1.0,7.0,0.7165985297677772,0.7142857142857143,2.0794415416798357,3.4,0.7456623297169891,train,0.7456623297169891,-0.14350835707362783,-1.885481227285305,-0.38667094699874544,-0.8942251354227589,-1.8035394440054657,0.889170686790617,2.631143557002294,1.639887465139748,0.30107698632167984,-0.4174995504101723,-0.6943068563915847,2.8,2.4,2.8,2.6,2.4,0.6000000000000001,1.0,0.7999999999999998,3.1000000000000014,2.8499999999999996,2.775,0.7459828117862344,0.023143678903579667,0.3734811620088294,0.24701164240416665,0.010408068774268,-0.02938428201845722,0.6934548508641974,0.46958688736361054,0.7312906707770055,0.46480154561660514,0.43146847232578905,0.009975834934010885,-0.015794609098670587,0.012910000617703421,-0.0018496824711757842,0.01238624873609706,-0.008871540455483329,0.016898903577198143,0.002953976949703341,0.005540064706269221,0.002048880232892819,0.00234709263031109,4.0,4.0,4.0,0.0,2.0,1.0,2.0,0.0,4.0,3.0,3.0,0.0,2.0,2.0,1.0,0.0,2.0,2.0,3.0,3.0,0.5560123099589678,0.889170686790617,0.7906245102476974,0.6630210858283466,0.4955815648673487,2025-02-16
2025-02-16,4.0,2.0,4.0,2.0,5.0,3.4,False,16205.0,-0.006924868243657345,0.011019552632178952,0.0,6.0,0.4463993146394689,0.3333333333333333,1.9459101490553132,3.4,0.4955815648673487,train,0.4955815648673487,0.7456623297169891,-0.14350835707362783,-1.885481227285305,-0.38667094699874544,-1.2643312711696784,-0.25008076484964037,0.6390899219409766,0.8822525118660942,0.6206219472921681,-0.1969364224436488,-0.47431775188695635,3.4,2.8,2.4,2.8,2.6,0.0,0.6000000000000001,0.6000000000000001,3.4,2.9999999999999996,2.875,0.7165985297677772,0.7459828117862344,0.023143678903579667,0.3734811620088294,0.49522855984590325,-0.27019921512830825,-0.29958349714676547,0.0729181526306395,0.5814989222036229,0.48303108377426496,0.42536481667498477,0.0011042944785275566,0.009975834934010885,-0.015794609098670587,0.012910000617703421,0.013108614232209659,-0.008029162722184902,-0.01690070317766823,-0.019834868861360766,-0.002910286882564894,-0.0029098369824473724,-0.00015709267917228542,4.0,4.0,4.0,0.0,2.0,2.0,2.0,0.0,4.0,4.0,4.0,0.0,2.0,2.0,2.0,0.0,5.0,2.0,2.0,0.0,0.24560108743637016,-0.25008076484964037,0.06254038894778112,-0.12393541678740823,1.1554590008768344,2025-02-23
2025-02-23,4.0,1.0,5.0,4.0,5.0,3.8,False,16319.0,0.007034865782165944,0.007458220305942166,1.0,2.0,0.9966531693935394,1.0,1.0986122886681098,3.8,1.1554590008768344,train,1.1554590008768344,0.4955815648673487,0.7456623297169891,-0.14350835707362783,-1.885481227285305,-0.37542755596681215,0.6598774360094857,0.4097966711598453,3.0409402281621394,0.8255202828720908,0.563298634596886,-0.2829569322815005,3.4,3.4,2.8,2.4,3.0,0.3999999999999999,0.3999999999999999,1.4,3.6000000000000014,3.35,2.9749999999999996,0.4463993146394689,0.7165985297677772,0.7459828117862344,0.023143678903579667,0.5672633796930313,0.5502538547540705,0.28005463962576227,0.9735094904899597,0.721526242016504,0.7264084563967549,0.47903854038754834,-0.006924868243657345,0.0011042944785275566,0.009975834934010885,-0.015794609098670587,-0.0007393715341958984,0.01395973402582329,0.005930571303638388,0.02282947488083653,5.4998769254299695e-05,0.0027975317377617603,0.0008146869853729449,4.0,4.0,4.0,0.0,2.0,2.0,1.0,-1.0,4.0,4.0,3.0,1.0,2.0,2.0,2.0,2.0,5.0,5.0,2.0,0.0,1.3350855027072923,0.6598774360094857,0.43543823055445285,0.7624613229126875,0.002400223684538822,2025-03-02
2025-03-02,3.0,1.0,5.0,3.0,5.0,3.4,False,16548.0,0.014032722593296132,0.008896854178282938,1.0,4.0,0.48430750193074346,0.5,1.6094379124341003,3.6,0.002400223684538822,train,0.002400223684538822,1.1554590008768344,0.4955815648673487,0.7456623297169891,-0.14350835707362783,-1.3504726869327388,-1.1530587771922955,-0.4931813411828099,0.14590858075816665,0.5789296122806858,0.5997757797864277,-0.1138478184543408,3.8,3.4,3.4,2.8,2.6,-0.3999999999999999,0.0,0.6000000000000001,3.6000000000000014,3.5,3.075,0.9966531693935394,0.4463993146394689,0.7165985297677772,0.7459828117862344,0.2830380141967907,-0.512345667462796,0.03790818729127454,-0.2616753098554909,0.7404803356621412,0.6609896289328822,0.5041972263542924,0.007034865782165944,-0.006924868243657345,0.0011042944785275566,0.009975834934010885,6.165988407946799e-05,0.0069978568111301875,0.020957590836953477,0.0040568876592852465,0.010533794187731038,0.003811753652583072,0.002561069824025028,4.0,4.0,4.0,-1.0,1.0,2.0,2.0,0.0,5.0,4.0,4.0,0.0,4.0,2.0,2.0,-1.0,5.0,5.0,2.0,0.0,5.761073735821118e-06,-1.1530587771922955,1.3295445436601918,-0.00276759898668232,1.0775361192644402,2025-03-09
2025-03-09,4.0,2.0,5.0,3.0,4.0,3.6,False,16270.0,-0.016799613246313738,0.013842238199507879,0.0,4.0,0.72166843037121,0.75,1.6094379124341003,3.6,1.0775361192644402,train,1.0775361192644402,0.002400223684538822,1.1554590008768344,0.4955815648673487,0.7456623297169891,-0.8942251354227589,1.0751358955799013,-0.07792288161239425,0.33187378954745106,0.5399681714744887,0.6827442271732904,0.13262233838155907,3.4,3.8,3.4,3.4,2.6,0.20000000000000018,-0.19999999999999973,0.20000000000000018,3.5000000000000018,3.5500000000000003,3.1999999999999997,0.48430750193074346,0.9966531693935394,0.4463993146394689,0.7165985297677772,0.24701164240416665,0.23736092844046652,-0.27498473902232945,0.00506990060343282,0.6029879661509765,0.6622571040837404,0.5635293248501728,0.014032722593296132,0.007034865782165944,-0.006924868243657345,0.0011042944785275566,-0.0018496824711757842,-0.03083233583960987,-0.023834479028479683,-0.017903907724841295,-0.0013834453265088031,-0.0006642232786272517,0.0006923284771327837,3.0,4.0,4.0,1.0,1.0,1.0,2.0,1.0,5.0,5.0,4.0,0.0,3.0,4.0,2.0,0.0,5.0,5.0,5.0,-1.0,1.1610840883194697,1.0751358955799013,1.1559171939643964,1.1584977606050653,1.1746912892352157,2025-03-16
2025-03-16,4.0,2.0,7.0,2.0,4.0,3.8,False,16358.0,0.005408727719729667,0.013347638195813444,1.0,4.0,0.27648051569121884,0.25,1.6094379124341003,3.8,1.1746912892352157,train,1.1746912892352157,1.0775361192644402,0.002400223684538822,1.1554590008768344,0.4955815648673487,-0.38667094699874544,0.09715516997077556,1.1722910655506769,0.679109724367867,1.126113704249827,0.8525216582652572,0.3277926179108043,3.6,3.4,3.8,3.4,2.8,0.19999999999999973,0.3999999999999999,0.3999999999999999,3.700000000000002,3.65,3.3249999999999997,0.72166843037121,0.48430750193074346,0.9966531693935394,0.4463993146394689,0.3734811620088294,-0.44518791467999114,-0.2078269862395246,-0.16991879894825007,0.4990744730312142,0.6197774043466778,0.5514042440604715,-0.016799613246313738,0.014032722593296132,0.007034865782165944,-0.006924868243657345,0.012910000617703421,0.022208340966043405,-0.008623994873566465,0.012333595963387012,-0.005695442763292036,0.0024191757122195012,-0.0002453306351139356,4.0,3.0,4.0,0.0,2.0,1.0,2.0,0.0,5.0,5.0,4.0,2.0,3.0,3.0,2.0,-1.0,4.0,5.0,5.0,0.0,1.3798996250050932,0.09715516997077556,0.009439127052050288,0.11412733186883685,0.179915912672522,2025-03-23
2025-03-23,3.0,1.0,8.0,2.0,3.0,3.4,False,16511.0,0.00935322166524033,0.013661515791639786,1.0,7.0,0.746183205395937,0.7142857142857143,2.0794415416798357,3.4,0.179915912672522,train,0.179915912672522,1.1746912892352157,1.0775361192644402,0.002400223684538822,1.1554590008768344,-1.885481227285305,-0.9947753765626937,-0.8976202065919181,-0.9755430882043123,0.6773036009538681,0.6086358862141791,0.5859672604055326,3.8,3.6,3.4,3.8,2.4,-0.3999999999999999,-0.20000000000000018,-0.3999999999999999,3.6000000000000014,3.55,3.45,0.27648051569121884,0.72166843037121,0.48430750193074346,0.9966531693935394,0.023143678903579667,0.4697026897047181,0.024514775024726987,-0.25046996399760246,0.5113318605435777,0.5571599133472772,0.6417841848720162,0.005408727719729667,-0.016799613246313738,0.014032722593296132,0.007034865782165944,-0.015794609098670587,0.003944493945510663,0.026152834911554068,0.0023183558830743856,0.007380974692484998,0.0029987646829880976,0.002898148210374929,4.0,4.0,4.0,-1.0,2.0,2.0,1.0,-1.0,7.0,5.0,5.0,1.0,2.0,3.0,4.0,0.0,4.0,4.0,5.0,-1.0,0.03236973563278656,-0.9947753765626937,0.989578049815449,-0.17897591977842878,-1.138518296936816,2025-03-30
2025-03-30,4.0,1.0,3.0,3.0,2.0,2.6,False,16588.0,0.004663557628247883,0.011817910651834577,1.0,2.0,0.5257721319794655,0.5,1.0986122886681098,2.6,-1.138518296936816,train,-1.138518296936816,0.179915912672522,1.1746912892352157,1.0775361192644402,0.002400223684538822,-0.14350835707362783,-1.318434209609338,-2.3132095861720314,-1.1409185206213548,-0.4793011921321477,0.3234062560588405,0.46159101792263413,3.4,3.8,3.6,3.4,2.8,-0.7999999999999998,-1.1999999999999997,-0.7999999999999998,3.0000000000000018,3.35,3.425,0.746183205395937,0.27648051569121884,0.72166843037121,0.48430750193074346,0.7459828117862344,-0.22041107341647148,0.24929161628824664,0.04146463004872203,0.635977668687701,0.5675260708594577,0.61425784989617,0.00935322166524033,0.005408727719729667,-0.016799613246313738,0.014032722593296132,0.009975834934010885,-0.004689664036992447,-0.0007451700914817838,-0.009369164965048249,0.0070083896467441065,0.0006564734417260354,0.0022341135471545537,3.0,4.0,3.0,1.0,1.0,2.0,1.0,0.0,8.0,7.0,5.0,-5.0,2.0,2.0,3.0,1.0,3.0,4.0,5.0,-1.0,1.2962239124599078,-1.318434209609338,1.7382687650681998,1.5010614709476604,0.5276327760299158,2025-04-06
2025-04-06,6.0,1.0,4.0,2.0,4.0,3.4,False,16958.0,0.022305280925970505,0.008178156933714096,1.0,7.0,0.7149307892790863,0.7142857142857143,2.0794415416798357,3.4,0.5276327760299158,train,0.5276327760299158,-1.138518296936816,0.179915912672522,1.1746912892352157,1.0775361192644402,0.7456623297169891,1.6661510729667317,0.34771686335739377,-0.5499033432345244,-0.30544276045345087,0.18593042025020934,0.43433732371174993,2.6,3.4,3.8,3.6,3.4,0.7999999999999998,0.0,-0.20000000000000018,3.0000000000000018,3.3,3.425,0.5257721319794655,0.746183205395937,0.27648051569121884,0.72166843037121,0.7165985297677772,0.18915865729962078,-0.0312524161168507,-0.006737641092123714,0.6203514606292757,0.5658416605864268,0.6140493823350837,0.004663557628247883,0.00935322166524033,0.005408727719729667,-0.016799613246313738,0.0011042944785275566,0.017641723297722622,0.012952059260730175,0.039104894172284244,0.013484419277109194,0.010432696984797096,0.004884236853084922,4.0,3.0,4.0,2.0,1.0,1.0,2.0,0.0,3.0,8.0,5.0,1.0,3.0,2.0,3.0,-1.0,2.0,3.0,4.0,2.0,0.2783963463410353,1.6661510729667317,2.7760593979481913,0.8791159159146594,-0.008753073418185486,2025-04-13
2025-04-13,6.0,1.0,4.0,2.0,3.0,3.2,False,16855.0,-0.006073829461021307,0.011760238387255366,0.0,5.0,0.5377421664772555,0.4,1.791759469228055,3.2,-0.008753073418185486,train,-0.008753073418185486,0.5276327760299158,-1.138518296936816,0.179915912672522,1.1746912892352157,0.4955815648673487,-0.5363858494481013,1.1297652235186304,-1.1834443626534012,0.25943985130586433,-0.10993067041314096,0.37129549392605815,3.4,2.6,3.4,3.8,3.4,-0.19999999999999973,0.6000000000000001,-0.5999999999999996,3.3000000000000016,3.1500000000000004,3.4,0.7149307892790863,0.5257721319794655,0.746183205395937,0.27648051569121884,0.4463993146394689,-0.1771886228018308,0.011970034497789994,0.26126165078603664,0.6263364778781706,0.631157073282936,0.6254672388148069,0.022305280925970505,0.004663557628247883,0.00935322166524033,0.005408727719729667,-0.006924868243657345,-0.028379110386991813,-0.01073738708926919,-0.011482557180750974,0.008115725732474599,0.007562057689609353,0.004990616700914427,6.0,4.0,4.0,0.0,1.0,1.0,2.0,0.0,4.0,3.0,7.0,0.0,2.0,3.0,2.0,0.0,4.0,2.0,4.0,-1.0,7.661629426414536e-05,-0.5363858494481013,0.2877097794881612,0.0046950247206950175,0.059101976695036404,2025-04-20
2025-04-20,6.0,1.0,4.0,2.0,3.0,3.2,False,16868.0,0.0007712844853158263,0.01210239014492226,1.0,4.0,0.49736901525466237,0.5,1.6094379124341003,3.2,0.059101976695036404,train,0.059101976695036404,-0.008753073418185486,0.5276327760299158,-1.138518296936816,0.179915912672522,1.1554590008768344,0.06785505011322189,-0.46853079933487934,-0.12081393597748559,0.02517445163842468,-0.14013415440751237,0.23425086590333344,3.2,3.4,2.6,3.4,3.8,0.0,-0.19999999999999973,-0.19999999999999973,3.2,3.1,3.325,0.5377421664772555,0.7149307892790863,0.5257721319794655,0.746183205395937,0.9966531693935394,-0.04037315122259311,-0.2175617740244239,-0.2488141901412746,0.5175555908659587,0.5689535257476174,0.5630567195474473,-0.006073829461021307,0.022305280925970505,0.004663557628247883,0.00935322166524033,0.007034865782165944,0.0068451139463371335,-0.02153399644065468,-0.008581937179924504,-0.0026512724878527405,0.005416573394628227,0.004207669038808162,6.0,6.0,3.0,0.0,1.0,1.0,1.0,0.0,4.0,4.0,8.0,0.0,2.0,2.0,2.0,0.0,3.0,4.0,3.0,0.0,0.003493043649260626,0.06785505011322189,0.004604307825867854,0.0040103675904321675,0.6869476251694274,2025-04-27
2025-04-27,5.0,1.0,4.0,4.0,4.0,3.6,False,16854.0,-0.0008299739151055308,0.012520797897945697,0.0,4.0,0.6952258832752705,0.75,1.6094379124341003,3.6,0.6869476251694274,train,0.6869476251694274,0.059101976695036404,-0.008753073418185486,0.5276327760299158,-1.138518296936816,0.002400223684538822,0.6278456484743911,0.6957006985876129,1.8254659221062433,0.3730248009322311,0.3162323261190485,0.3198192910889445,3.2,3.2,3.4,2.6,3.4,0.3999999999999999,0.3999999999999999,1.0,3.400000000000002,3.35,3.35,0.49736901525466237,0.5377421664772555,0.7149307892790863,0.5257721319794655,0.48430750193074346,0.1978568680206081,0.15748371679801498,0.16945375129580498,0.5962974492649662,0.6113169635715686,0.5894215172155132,0.0007712844853158263,-0.006073829461021307,0.022305280925970505,0.004663557628247883,0.014032722593296132,-0.001601258400421357,0.0052438555459157765,-0.005493531543353414,-2.9344714894852242e-05,0.004043190508789873,0.0023498319752579544,6.0,6.0,4.0,-1.0,1.0,1.0,1.0,0.0,4.0,4.0,3.0,0.0,2.0,2.0,3.0,2.0,3.0,3.0,2.0,1.0,0.4718970397259162,0.6278456484743911,0.3941901583082286,0.4312970771924421,0.8917882820900318,2025-05-04
2025-05-04,4.0,2.0,4.0,2.0,5.0,3.4,False,16444.0,-0.02432656936038924,0.01151836364753897,0.0,2.0,0.8849984407424927,1.0,1.0986122886681098,3.4,0.8917882820900318,train,0.8917882820900318,0.6869476251694274,0.059101976695036404,-0.008753073418185486,0.5276327760299158,1.0775361192644402,0.20484065692060438,0.8326863053949954,0.36415550606011604,0.7893679536297289,0.40727120263407746,0.29660081144214345,3.6,3.2,3.2,3.4,3.6,-0.20000000000000018,0.19999999999999973,0.0,3.5000000000000018,3.35,3.325,0.6952258832752705,0.49736901525466237,0.5377421664772555,0.7149307892790863,0.72166843037121,0.1897725574672222,0.3876294254878303,0.1700676514634064,0.7901121620088813,0.6538338764374202,0.6098377685119235,-0.0008299739151055308,0.0007712844853158263,-0.006073829461021307,0.022305280925970505,-0.016799613246313738,-0.023496595445283708,-0.025097853845705065,-0.046631850286359744,-0.012578271637747385,-0.007614772062800063,0.0014089624609985169,5.0,6.0,6.0,-1.0,1.0,1.0,1.0,1.0,4.0,4.0,4.0,0.0,4.0,2.0,2.0,-2.0,4.0,3.0,4.0,1.0,0.7952863400730902,0.20484065692060438,0.04195969472766475,0.18267449753741938,-1.4876125436676357,2025-05-11
2025-05-11,4.0,1.0,3.0,1.0,4.0,2.6,False,16537.0,0.005655558258331306,0.013383455358676731,1.0,2.0,0.042169611901044804,0.0,1.0986122886681098,2.6,-1.4876125436676357,train,-1.4876125436676357,0.8917882820900318,0.6869476251694274,0.059101976695036404,-0.008753073418185486,1.1746912892352157,-2.3794008257576675,-2.174560168837063,-1.4788594702494502,-0.2979121307888027,0.03755633507171491,-0.03618716767071298,3.4,3.6,3.2,3.2,3.8,-0.7999999999999998,-1.0,-0.6000000000000001,3.0000000000000018,3.1999999999999997,3.1750000000000003,0.8849984407424927,0.6952258832752705,0.49736901525466237,0.5377421664772555,0.27648051569121884,-0.8428288288414478,-0.6530562713742256,-0.4955725545762107,0.46358402632176854,0.5299407377933676,0.5805489055381517,-0.02432656936038924,-0.0008299739151055308,0.0007712844853158263,-0.006073829461021307,0.005408727719729667,0.029982127618720544,0.0064855321734368365,0.011729387719352613,-0.009335505551028966,-0.004682425132961909,0.0014398162783237217,4.0,5.0,6.0,0.0,2.0,1.0,1.0,-1.0,4.0,4.0,4.0,-1.0,2.0,4.0,2.0,-1.0,5.0,4.0,3.0,-1.0,2.2129910800772934,-2.3794008257576675,5.66154828961627,3.539626514810237,-0.034861760779283664,2025-05-18
2025-05-18,4.0,2.0,4.0,2.0,3.0,3.0,False,16462.0,-0.004535284513515148,0.01291755156288833,0.0,10.0,0.5867405438330024,0.6,2.3978952727983707,3.0,-0.034861760779283664,train,-0.034861760779283664,-1.4876125436676357,0.8917882820900318,0.6869476251694274,0.059101976695036404,0.179915912672522,1.4527507828883521,-0.9266500428693155,-0.09396373747432007,-0.7612371522234603,0.014065400703134877,-0.06303437685218868,2.6,3.4,3.6,3.2,3.4,0.3999999999999999,-0.3999999999999999,-0.20000000000000018,2.8000000000000016,3.15,3.125,0.042169611901044804,0.8849984407424927,0.6952258832752705,0.49736901525466237,0.746183205395937,0.5445709319319576,-0.2982578969094902,0.08937152857834008,0.3144550778670234,0.5522836199379526,0.5606185728427849,0.005655558258331306,-0.02432656936038924,-0.0008299739151055308,0.0007712844853158263,0.00935322166524033,-0.010190842771846453,0.01979128484687409,-0.005306568998830974,0.0005601368724080791,-0.006009067382669653,-0.00029624699402071297,4.0,4.0,6.0,0.0,1.0,2.0,1.0,1.0,3.0,4.0,4.0,1.0,1.0,2.0,2.0,1.0,4.0,5.0,3.0,-1.0,0.0012153423646320007,1.4527507828883521,2.11048483718272,-0.05064545026497079,-0.2761701319368476,2025-05-25
2025-05-25,4.0,2.0,3.0,2.0,4.0,3.0,False,16267.0,-0.011845462276758645,0.01261605677159323,0.0,4.0,0.17468727701634634,0.25,1.6094379124341003,3.0,-0.2761701319368476,train,-0.2761701319368476,-0.034861760779283664,-1.4876125436676357,0.8917882820900318,0.6869476251694274,-1.138518296936816,-0.24130837115756393,1.211442411730788,-0.963117757106275,-0.1555159463580663,-0.22671403857343386,0.04475914377280736,3.0,2.6,3.4,3.6,2.6,0.0,0.3999999999999999,-0.6000000000000001,3.0,3.0,3.1750000000000003,0.5867405438330024,0.042169611901044804,0.8849984407424927,0.6952258832752705,0.5257721319794655,-0.4120532668166561,0.13251766511530155,-0.5205386062589241,0.3807139104246742,0.4221489683732216,0.516732965972395,-0.004535284513515148,0.005655558258331306,-0.02432656936038924,-0.0008299739151055308,0.004663557628247883,-0.007310177763243497,-0.01750102053508995,-0.011015488361653114,-0.008190373395136896,-0.008762939473082931,-0.002359874482146529,4.0,4.0,5.0,0.0,2.0,1.0,1.0,0.0,4.0,3.0,4.0,-1.0,2.0,1.0,4.0,0.0,3.0,4.0,4.0,1.0,0.0762699417740158,-0.24130837115756393,0.05822972999071663,0.06664216470005022,0.3878597136819371,2025-06-01
2025-06-01,4.0,2.0,3.0,3.0,4.0,3.2,False,16333.0,0.004057293907911763,0.008128459275039048,1.0,2.0,0.6266516149044036,0.5,1.0986122886681098,3.2,0.3878597136819371,train,0.3878597136819371,-0.2761701319368476,-0.034861760779283664,-1.4876125436676357,0.8917882820900318,0.5276327760299158,0.6640298456187848,0.42272147446122077,-0.5039285684080947,0.0558447908725441,-0.35269618067545755,0.02728751097931003,3.0,3.0,2.6,3.4,3.4,0.20000000000000018,0.20000000000000018,-0.19999999999999973,3.100000000000002,2.95,3.15,0.17468727701634634,0.5867405438330024,0.042169611901044804,0.8849984407424927,0.7149307892790863,0.45196433788805723,0.03991107107140113,-0.2583468258380891,0.40066944596037474,0.3575622619136992,0.5056980691755598,-0.011845462276758645,-0.004535284513515148,0.005655558258331306,-0.02432656936038924,0.022305280925970505,0.015902756184670408,0.00859257842142691,0.028383863268301,-0.003894084184423441,-0.0016669736560076809,-0.004640872859403872,4.0,4.0,4.0,0.0,2.0,2.0,2.0,0.0,3.0,4.0,4.0,0.0,2.0,2.0,2.0,1.0,4.0,3.0,5.0,0.0,0.15043515749743425,0.6640298456187848,0.4409356358725071,0.2575504257979628,-0.582739585589211,2025-06-08
2025-06-08,4.0,2.0,3.0,1.0,3.0,2.6,False,16314.0,-0.0011632890467152546,0.006663972925731439,0.0,8.0,0.7173263254917401,0.75,2.1972245773362196,2.6,-0.582739585589211,train,-0.582739585589211,0.3878597136819371,-0.2761701319368476,-0.034861760779283664,-1.4876125436676357,-0.008753073418185486,-0.9705992992711481,-0.30656945365236343,0.9048729580784247,-0.09743993595363762,-0.12647794115585137,-0.04446080304206816,3.2,3.0,3.0,2.6,3.2,-0.6000000000000001,-0.3999999999999999,0.0,2.900000000000002,2.95,3.075,0.6266516149044036,0.17468727701634634,0.5867405438330024,0.042169611901044804,0.5377421664772555,0.09067471058733656,0.5426390484753938,0.6751567135906953,0.6719889701980717,0.526351440311373,0.5281460890523704,0.004057293907911763,-0.011845462276758645,-0.004535284513515148,0.005655558258331306,-0.006073829461021307,-0.005220582954627018,0.01068217323004339,-0.00681884730504656,0.0014470024305982543,-0.003371685482269321,-0.004027055307615615,4.0,4.0,4.0,0.0,2.0,2.0,1.0,0.0,3.0,3.0,3.0,0.0,3.0,2.0,1.0,-2.0,4.0,4.0,4.0,-1.0,0.33958542461268537,-0.9705992992711481,0.9420629997456437,0.5656066334304475,-1.4261218638337971,2025-06-15
2025-06-15,4.0,1.0,3.0,1.0,3.0,2.4,False,16317.0,0.00018389113644712296,0.00680553973237716,1.0,6.0,0.6690050400793552,0.6666666666666666,1.9459101490553132,2.4,-1.4261218638337971,train,-1.4261218638337971,-0.582739585589211,0.3878597136819371,-0.2761701319368476,-0.034861760779283664,0.059101976695036404,-0.8433822782445861,-1.8139815775157342,-1.3912601030545135,-1.0044307247115047,-0.47429296691947975,-0.23011378310817235,2.6,3.2,3.0,3.0,3.2,-0.20000000000000018,-0.8000000000000003,-0.6000000000000001,2.5000000000000018,2.8000000000000003,2.975,0.7173263254917401,0.6266516149044036,0.17468727701634634,0.5867405438330024,0.49736901525466237,-0.048321285412384896,0.042353425174951664,0.08226449624635279,0.6931656827855475,0.5469175643729612,0.549600592155457,-0.0011632890467152546,0.004057293907911763,-0.011845462276758645,-0.004535284513515148,0.0007712844853158263,0.0013471801831623775,-0.00387340277146464,0.004719175649962271,-0.0004896989551340658,-0.0021918915697787533,-0.004100479476224203,4.0,4.0,4.0,0.0,2.0,2.0,2.0,-1.0,3.0,3.0,4.0,0.0,1.0,3.0,2.0,0.0,3.0,4.0,3.0,0.0,2.0338235705047834,-0.8433822782445861,0.7112936672570285,1.2027659065745633,-1.6770458924404146,2025-06-22
2025-06-22,4.0,1.0,3.0,1.0,3.0,2.4,False,16404.0,0.0053318624747196175,0.003087417435867771,1.0,4.0,0.25282769947079936,0.25,1.6094379124341003,2.4,-1.6770458924404146,train,-1.6770458924404146,-1.4261218638337971,-0.582739585589211,0.3878597136819371,-0.2761701319368476,0.6869476251694274,-0.25092402860661744,-1.0943063068512036,-1.4008757605035669,-1.5515838781371065,-0.8245119070453715,-0.5256129728094026,2.4,2.6,3.2,3.0,3.6,0.0,-0.20000000000000018,-0.6000000000000001,2.4,2.6500000000000004,2.8249999999999997,0.6690050400793552,0.7173263254917401,0.6266516149044036,0.17468727701634634,0.6952258832752705,-0.4161773406085559,-0.4644986260209408,0.07814042245445302,0.4609163697750771,0.5664526699865745,0.49430081917989804,0.00018389113644712296,-0.0011632890467152546,0.004057293907911763,-0.011845462276758645,-0.0008299739151055308,0.0051479713382724945,0.006495151521434872,0.017177324751478262,0.0027578768055833702,0.0021024396180908123,-0.0033302499274960595,4.0,4.0,4.0,0.0,1.0,2.0,2.0,0.0,3.0,3.0,3.0,0.0,1.0,1.0,2.0,0.0,3.0,3.0,4.0,0.0,2.8124829253512664,-0.25092402860661744,0.06296286813217457,0.42081111148932887,0.21899127385976447,2025-06-29
2025-06-29,4.0,2.0,3.0,4.0,3.0,3.2,False,16213.0,-0.011643501584979288,0.007120326274273599,0.0,2.0,0.30282453866675496,0.5,1.0986122886681098,3.2,0.21899127385976447,train,0.21899127385976447,-1.6770458924404146,-1.4261218638337971,-0.582739585589211,0.3878597136819371,0.8917882820900318,1.8960371663001792,1.6451131376935617,-0.16886843982217264,-0.7290273092903257,-0.8667290170009146,-0.609712598838186,2.4,2.4,2.6,3.2,3.4,0.8000000000000003,0.8000000000000003,0.0,2.8000000000000016,2.65,2.8,0.25282769947079936,0.6690050400793552,0.7173263254917401,0.6266516149044036,0.8849984407424927,0.0499968391959556,-0.3661805014126003,-0.3238270762376486,0.27782611906877697,0.4854959009271623,0.42152908142043083,0.0053318624747196175,0.00018389113644712296,-0.0011632890467152546,0.004057293907911763,-0.02432656936038924,-0.016975364059698905,-0.01182739272142641,-0.01570079549289105,-0.003155819555129835,-0.0018227592551319505,-0.0017448664555698157,4.0,4.0,4.0,0.0,1.0,1.0,2.0,1.0,3.0,3.0,3.0,0.0,1.0,1.0,3.0,3.0,3.0,3.0,4.0,0.0,0.047957178026722364,1.8960371663001792,3.5949569359916134,0.41521559433353433,-1.5513358079184805,2025-07-06
2025-07-06,4.0,1.0,3.0,1.0,3.0,2.4,False,16194.0,-0.0011718990933201612,0.0071200617557610115,0.0,4.0,0.5022368207573891,0.5,1.6094379124341003,2.4,-1.5513358079184805,train,-1.5513358079184805,0.21899127385976447,-1.6770458924404146,-1.4261218638337971,-0.582739585589211,-1.4876125436676357,-1.770327081778245,0.1257100845219341,-0.9685962223292695,-0.6661722670293586,-1.1088780725832321,-0.6176780068695416,3.2,2.4,2.4,2.6,2.6,-0.8000000000000003,0.0,-0.20000000000000018,2.8000000000000016,2.6,2.775,0.30282453866675496,0.25282769947079936,0.6690050400793552,0.7173263254917401,0.042169611901044804,0.1994122820906341,0.2494091212865897,-0.21508950473435107,0.4025306797120718,0.43172352474357456,0.4790374825274739,-0.011643501584979288,0.0053318624747196175,0.00018389113644712296,-0.0011632890467152546,0.005655558258331306,0.010471602491659127,-0.006503761568039779,-8.610046604906607e-06,-0.0064077003391497245,-0.0018249117667831771,-0.002598298624526249,4.0,4.0,4.0,0.0,2.0,1.0,2.0,-1.0,3.0,3.0,3.0,0.0,4.0,1.0,1.0,-3.0,3.0,3.0,3.0,0.0,2.4066427889300845,-1.770327081778245,3.134057976477477,2.7463717936904195,-0.8435968704561588,2025-07-13
2025-07-13,4.0,1.0,4.0,1.0,3.0,2.6,False,16217.0,0.0014202791157218453,0.0072617639998509825,1.0,2.0,0.897506982088089,1.0,1.0986122886681098,2.6,-0.8435968704561588,train,-0.8435968704561588,-1.5513358079184805,0.21899127385976447,-1.6770458924404146,-1.4261218638337971,-0.034861760779283664,0.7077389374623216,-1.0625881443159233,0.5825249933776383,-1.1974663391873204,-0.9632468242388225,-0.718769895579151,2.4,3.2,2.4,2.4,3.0,0.20000000000000018,-0.6000000000000001,0.20000000000000018,2.5000000000000018,2.65,2.7249999999999996,0.5022368207573891,0.30282453866675496,0.25282769947079936,0.6690050400793552,0.5867405438330024,0.3952701613306999,0.594682443421334,0.22850194200873375,0.6998719014227388,0.488849010245758,0.5178832873093597,-0.0011718990933201612,-0.011643501584979288,0.0053318624747196175,0.00018389113644712296,-0.004535284513515148,0.0025921782090420065,0.013063780700701133,0.0012363879792747223,0.00012419001120084205,-0.0015158147719644965,-0.001853853170871625,4.0,4.0,4.0,0.0,1.0,2.0,1.0,0.0,3.0,3.0,3.0,1.0,1.0,4.0,1.0,0.0,3.0,3.0,3.0,0.0,0.7116556798434253,0.7077389374623216,0.500894403600296,-0.5970463527431816,-1.4939940190378151,2025-07-20
2025-07-20,4.0,1.0,4.0,1.0,2.0,2.4,False,16306.0,0.00548806807670954,0.007311115747140718,1.0,4.0,0.48994914209470153,0.5,1.6094379124341003,2.4,-1.4939940190378151,train,-1.4939940190378151,-0.8435968704561588,-1.5513358079184805,0.21899127385976447,-1.6770458924404146,-0.2761701319368476,-0.6503971485816563,0.05734178888066532,0.18305187340259943,-1.1687954447469877,-0.9174838558881726,-0.870997881466772,2.6,2.4,3.2,2.4,3.0,-0.20000000000000018,0.0,0.0,2.5000000000000018,2.65,2.65,0.897506982088089,0.5022368207573891,0.30282453866675496,0.25282769947079936,0.17468727701634634,-0.40755783999338746,-0.01228767866268754,0.23712144262390217,0.693728062091395,0.5481293709017336,0.5572910204441541,0.0014202791157218453,-0.0011718990933201612,-0.011643501584979288,0.0053318624747196175,-0.011845462276758645,0.004067788960987695,0.006659967170029701,0.00015620560198992273,0.0034541735962156928,-0.0014767633714670159,0.0003128381233118982,4.0,4.0,4.0,0.0,1.0,1.0,1.0,0.0,4.0,3.0,3.0,0.0,1.0,1.0,1.0,0.0,3.0,3.0,3.0,-1.0,2.2320181289207635,-0.6503971485816563,0.4230164508831491,0.9716894499802438,-0.7746677353324136,2025-07-27
2025-07-27,4.0,1.0,4.0,3.0,2.0,2.8,False,16337.0,0.0019011406844107182,0.0027410810982442,1.0,5.0,0.6243604727089405,0.6,1.791759469228055,2.8,-0.7746677353324136,test,-0.7746677353324136,-1.4939940190378151,-0.8435968704561588,-1.5513358079184805,0.21899127385976447,0.3878597136819371,0.7193262837054015,0.06892913512374521,-0.9936590091921781,-1.134330877185115,-1.1658986081862173,-1.0163138125935658,2.4,2.6,2.4,3.2,3.2,0.3999999999999999,0.19999999999999973,-0.40000000000000036,2.6000000000000014,2.55,2.6,0.48994914209470153,0.897506982088089,0.5022368207573891,0.30282453866675496,0.6266516149044036,0.13441133061423893,-0.2731465093791485,0.3215359340421855,0.5571548074018208,0.62851335441228,0.5570046276697211,0.00548806807670954,0.0014202791157218453,-0.0011718990933201612,-0.011643501584979288,0.004057293907911763,-0.003586927392298822,0.00048086156868887286,0.013544642269390006,0.003694604380560129,0.0019093971958804856,4.3318970374267574e-05,4.0,4.0,4.0,0.0,1.0,1.0,2.0,0.0,4.0,4.0,3.0,0.0,1.0,1.0,4.0,2.0,2.0,3.0,3.0,0.0,0.6001101001650504,0.7193262837054015,0.5174303024294238,-0.5572388631631446,-1.8360807657844302,2025-08-03
2025-08-03,3.0,1.0,4.0,1.0,2.0,2.2,False,16520.0,0.011201566995164391,0.004513496196875094,1.0,0.0,0.49202591768698767,0.5,0.0,2.2,-1.8360807657844302,test,-1.8360807657844302,-0.7746677353324136,-1.4939940190378151,-0.8435968704561588,-1.5513358079184805,-0.582739585589211,-1.0614130304520166,-0.3420867467466151,-0.2847449578659498,-1.3053742505584225,-1.2370848476527045,-1.1729814601179682,2.8,2.4,2.6,2.4,2.6,-0.5999999999999996,-0.19999999999999973,-0.19999999999999973,2.5000000000000018,2.5,2.5500000000000003,0.6243604727089405,0.48994914209470153,0.897506982088089,0.5022368207573891,0.7173263254917401,-0.1323345550219528,0.0020767755922861397,-0.0102109030704014,0.5581931951979638,0.6259606286446796,0.5288420766941271,0.0019011406844107182,0.00548806807670954,0.0014202791157218453,-0.0011718990933201612,-0.0011632890467152546,0.009300426310753673,0.005713498918454851,0.012373466088484553,0.006551353839787555,0.005002763718001624,0.0015889259756092233,4.0,4.0,4.0,-1.0,1.0,1.0,1.0,0.0,4.0,4.0,3.0,0.0,3.0,1.0,1.0,-2.0,2.0,2.0,3.0,0.0,3.37119257848354,-1.0614130304520166,1.1265976212133335,1.9488400497659115,-1.3453080666214265,2025-08-10
2025-08-10,3.0,1.0,5.0,2.0,2.0,2.6,False,16261.0,-0.015677966101694918,0.011588583984948334,0.0,2.0,0.4215992098907008,0.5,1.0986122886681098,2.6,-1.3453080666214265,test,-1.3453080666214265,-1.8360807657844302,-0.7746677353324136,-1.4939940190378151,-0.8435968704561588,-1.4261218638337971,0.4907726991630037,-0.5706403312890129,-0.5017111961652677,-1.590694416202929,-1.3625126466940216,-1.1628797354664218,2.2,2.8,2.4,2.6,2.4,0.3999999999999999,-0.19999999999999973,0.0,2.400000000000002,2.5,2.575,0.49202591768698767,0.6243604727089405,0.48994914209470153,0.897506982088089,0.6690050400793552,-0.07042670779628685,-0.20276126281823964,-0.47590777219738817,0.45681256378884405,0.5069836855953326,0.49791634792054534,0.011201566995164391,0.0019011406844107182,0.00548806807670954,0.0014202791157218453,0.00018389113644712296,-0.02687953309685931,-0.017579106786105636,-0.017098245217416763,-0.002238199553265263,0.000728202413647433,-0.0003938061791585318,3.0,4.0,4.0,0.0,1.0,1.0,1.0,0.0,4.0,4.0,4.0,1.0,1.0,3.0,1.0,1.0,2.0,2.0,3.0,0.0,1.8098537941166806,0.4907726991630037,0.24085784224374013,-0.6602404710615595,-1.821454836082476,2025-08-17
2025-08-17,3.0,1.0,5.0,1.0,2.0,2.4,False,16183.0,-0.004796752967222151,0.011318278155007798,0.0,4.0,0.2693982816199422,0.25,1.6094379124341003,2.4,-1.821454836082476,test,-1.821454836082476,-1.3453080666214265,-1.8360807657844302,-0.7746677353324136,-1.4939940190378151,-1.6770458924404146,-0.4761467694610495,0.014625929701954199,-0.3274608170446609,-1.583381451351952,-1.4443778509551868,-1.1809308534216796,2.6,2.2,2.8,2.4,2.4,-0.20000000000000018,0.19999999999999973,0.0,2.5000000000000018,2.5,2.575,0.4215992098907008,0.49202591768698767,0.6243604727089405,0.48994914209470153,0.25282769947079936,-0.1522009282707586,-0.22262763606704544,-0.2205508604747593,0.3454987457553213,0.45184597047664277,0.49998767068918826,-0.015677966101694918,0.011201566995164391,0.0019011406844107182,0.00548806807670954,0.0053318624747196175,0.010881213134472767,-0.015998319962386542,-0.010284821043931691,-0.010237359534458534,-0.0018430028473354898,-0.0016598831094012528,3.0,3.0,4.0,0.0,1.0,1.0,1.0,0.0,5.0,4.0,4.0,0.0,2.0,1.0,1.0,-1.0,2.0,2.0,2.0,0.0,3.3176977198882396,-0.4761467694610495,0.22671574606819384,0.8672798359198765,0.38960957069306973,2025-08-24
2025-08-24,4.0,2.0,7.0,1.0,3.0,3.4,False,16374.0,0.011802508805536682,0.01331643553404615,1.0,4.0,0.078435881587211,0.0,1.6094379124341003,3.4,0.38960957069306973,test,0.38960957069306973,-1.821454836082476,-1.3453080666214265,-1.8360807657844302,-0.7746677353324136,0.21899127385976447,2.2110644067755456,1.7349176373144963,1.1642773060254834,-0.7159226326947038,-1.153308524448816,-1.1596035663175164,2.4,2.6,2.2,2.8,3.2,1.0,0.7999999999999998,0.6000000000000001,2.9000000000000017,2.6500000000000004,2.5999999999999996,0.2693982816199422,0.4215992098907008,0.49202591768698767,0.6243604727089405,0.30282453866675496,-0.19096240003273124,-0.34316332830348983,-0.5459245911217294,0.17391708160357638,0.31536482269621036,0.47193908855424527,-0.004796752967222151,-0.015677966101694918,0.011201566995164391,0.0019011406844107182,-0.011643501584979288,0.016599261772758833,0.0274804749072316,0.009901368121125964,0.0035028779191572657,0.0006323391829460012,0.0012708681894132434,3.0,3.0,4.0,1.0,1.0,1.0,1.0,1.0,5.0,5.0,4.0,2.0,1.0,2.0,3.0,0.0,2.0,2.0,2.0,1.0,0.1517956175756381,2.2110644067755456,4.8888058109096955,0.8614518542985472,1.251307278227567,2025-08-31
2025-08-31,4.0,2.0,5.0,3.0,4.0,3.6,False,16475.0,0.006168315622328002,0.012173570001475915,1.0,9.0,0.9265583886040581,1.0,2.302585092994046,3.6,1.251307278227567,test,1.251307278227567,0.38960957069306973,-1.821454836082476,-1.3453080666214265,-1.8360807657844302,-1.5513358079184805,0.8616977075344971,3.072762114310043,3.0873880440119974,0.8204584244603177,-0.3814615134458165,-0.8092731805492605,3.4,2.4,2.6,2.2,2.4,0.20000000000000018,1.2000000000000002,1.4,3.5000000000000018,3.0,2.75,0.078435881587211,0.2693982816199422,0.4215992098907008,0.49202591768698767,0.5022368207573891,0.8481225070168471,0.657160106984116,0.4345324709170705,0.5024971350956343,0.423997940425478,0.5249792845350789,0.011802508805536682,-0.004796752967222151,-0.015677966101694918,0.011201566995164391,-0.0011718990933201612,-0.00563419318320868,0.010965068589550153,-0.005033251372836389,0.008985412213932342,-0.0006259736602630961,0.002188395028869264,4.0,3.0,3.0,0.0,2.0,1.0,1.0,0.0,7.0,5.0,4.0,-2.0,1.0,1.0,1.0,2.0,3.0,2.0,2.0,1.0,1.5657699045452815,0.8616977075344971,0.7425229391702077,1.0782486130699256,0.24079037625122657,2025-09-07
2025-09-07,4.0,2.0,4.0,1.0,5.0,3.2,False,16420.0,-0.0033383915022762167,0.00790181157523595,0.0,6.0,0.4826391998794861,0.5,1.9459101490553132,3.2,0.24079037625122657,test,0.24079037625122657,1.251307278227567,0.38960957069306973,-1.821454836082476,-1.3453080666214265,-0.8435968704561588,-1.0105169019763403,-0.14881919444184316,1.586098442872653,0.7460488272393961,0.015063097272346698,-0.6737247747108372,3.6,3.4,2.4,2.6,2.6,-0.3999999999999999,-0.19999999999999973,0.6000000000000001,3.400000000000002,3.15,2.8249999999999997,0.9265583886040581,0.078435881587211,0.2693982816199422,0.4215992098907008,0.897506982088089,-0.44391918872457203,0.4042033182922751,0.06103998998878529,0.704598794241772,0.4392579379226743,0.47312081175900356,0.006168315622328002,0.011802508805536682,-0.004796752967222151,-0.015677966101694918,0.0014202791157218453,-0.009506707124604219,-0.015140900307812899,0.012339574599418701,0.0014149620600258928,0.002458919989591579,0.001593561201619506,4.0,4.0,3.0,0.0,2.0,2.0,1.0,0.0,5.0,7.0,5.0,-1.0,3.0,1.0,2.0,-2.0,4.0,3.0,2.0,1.0,0.057980005295207256,-1.0105169019763403,1.0211444091798605,-0.2433227450351068,-0.9318338952580595,2025-09-14
2025-09-14,4.0,1.0,4.0,2.0,3.0,2.8,False,16439.0,0.0011571254567599443,0.006519294194649729,1.0,7.0,0.4261972209538466,0.42857142857142855,2.0794415416798357,2.8,-0.9318338952580595,test,-0.9318338952580595,0.24079037625122657,1.251307278227567,0.38960957069306973,-1.821454836082476,-1.4939940190378151,-1.172624271509286,-2.1831411734856263,0.8896209408244166,-0.3455217595034171,0.23746833247845087,-0.6034547592383679,3.2,3.6,3.4,2.4,2.4,-0.40000000000000036,-0.8000000000000003,0.3999999999999999,3.0000000000000018,3.25,2.875,0.4826391998794861,0.9265583886040581,0.078435881587211,0.2693982816199422,0.48994914209470153,-0.05644197892563951,-0.5003611676502115,0.15679893933390437,0.45441821041666614,0.47845767275615037,0.4651518216163967,-0.0033383915022762167,0.006168315622328002,0.011802508805536682,-0.004796752967222151,0.00548806807670954,0.004495516959036161,-0.005011190165568058,0.005953878423982095,-0.0010906330227581362,0.003947389595587103,0.0010521933741258066,4.0,4.0,3.0,0.0,2.0,2.0,1.0,-1.0,4.0,5.0,5.0,0.0,1.0,3.0,1.0,1.0,5.0,4.0,2.0,-2.0,0.8683144083518082,-1.172624271509286,1.3750476821326838,1.0926910425946423,0.0499801853603528,2025-09-21
2025-09-21,4.0,2.0,4.0,2.0,2.0,2.8,False,16651.0,0.012896161567005349,0.0069661609057030316,1.0,3.0,0.996725857257843,1.0,1.3862943611198906,2.8,0.0499801853603528,test,0.0499801853603528,-0.9318338952580595,0.24079037625122657,1.251307278227567,0.38960957069306973,-0.7746677353324136,0.9818140806184122,-0.19081019089087375,-0.3396293853327169,-0.44092685494885403,0.15256098614527158,-0.500373769151772,2.8,3.2,3.6,3.4,2.8,0.0,-0.40000000000000036,-0.6000000000000001,2.8,3.1,2.875,0.4261972209538466,0.4826391998794861,0.9265583886040581,0.078435881587211,0.6243604727089405,0.5705286363039964,0.5140866573783569,0.918289975670632,0.7114615391058445,0.7080301666738085,0.5116974946850095,0.0011571254567599443,-0.0033383915022762167,0.006168315622328002,0.011802508805536682,0.0019011406844107182,0.011739036110245404,0.016234553069281565,0.0010936527614686664,0.0070266435118826465,0.00422080278595427,0.0024265709844501354,4.0,4.0,4.0,0.0,1.0,2.0,2.0,1.0,4.0,4.0,7.0,0.0,2.0,1.0,1.0,0.0,3.0,5.0,3.0,-1.0,0.002498018928655224,0.9818140806184122,0.9639588889005781,0.04907124973871261,-0.6376390190720521,2025-09-28
2025-09-28,5.0,1.0,4.0,3.0,2.0,3.0,False,16709.0,0.0034832742778212467,0.00684424268003107,1.0,1.0,0.0656988397240638,0.0,0.6931471805599453,3.0,-0.6376390190720521,test,-0.6376390190720521,0.0499801853603528,-0.9318338952580595,0.24079037625122657,1.251307278227567,-1.8360807657844302,-0.6876192044324049,0.29419487618600737,-1.888946297299619,-0.29382941685585034,-0.31967558817963315,-0.35056855081272476,2.8,2.8,3.2,3.6,2.2,0.20000000000000018,0.20000000000000018,-0.6000000000000001,2.9000000000000017,2.9499999999999997,2.975,0.996725857257843,0.4261972209538466,0.4826391998794861,0.9265583886040581,0.49202591768698767,-0.9310270175337793,-0.3604983812297828,-0.8608595488799944,0.5312123484909532,0.4928152794538098,0.458406609939644,0.012896161567005349,0.0011571254567599443,-0.0033383915022762167,0.006168315622328002,0.011201566995164391,-0.009412887289184102,0.0023261488210613024,-0.0026850413445067556,0.008189717922413298,0.0035495424498275807,0.0014617843947822423,4.0,4.0,4.0,1.0,2.0,1.0,2.0,-1.0,4.0,4.0,5.0,0.0,2.0,2.0,3.0,1.0,2.0,3.0,4.0,0.0,0.40658351864316883,-0.6876192044324049,0.4728201703042534,0.43845283500938353,0.48710046748882985,2025-10-05
2025-10-05,5.0,2.0,4.0,3.0,2.0,3.2,False,16565.0,-0.008618110000598533,0.008834973094845117,0.0,2.0,0.5973494425415993,0.5,1.0986122886681098,3.2,0.48710046748882985,test,0.48710046748882985,-0.6376390190720521,0.0499801853603528,-0.9318338952580595,0.24079037625122657,-1.3453080666214265,1.124739486560882,0.43712028212847703,0.24631009123760328,-0.0752692757916118,-0.2580980653702324,-0.12151748404894272,3.0,2.8,2.8,3.2,2.6,0.20000000000000018,0.40000000000000036,0.0,3.100000000000002,2.95,3.0500000000000003,0.0656988397240638,0.996725857257843,0.4261972209538466,0.4826391998794861,0.4215992098907008,0.5316506028175355,-0.39937641471624374,0.11471024266211316,0.3315241411328313,0.5214928401193382,0.4803753890210063,0.0034832742778212467,0.012896161567005349,0.0011571254567599443,-0.0033383915022762167,-0.015677966101694918,-0.01210138427841978,-0.021514271567603882,-0.005279718498322317,-0.0025674178613886434,0.0022296128252470016,0.0023442664074192904,5.0,4.0,4.0,0.0,1.0,2.0,2.0,1.0,4.0,4.0,4.0,0.0,3.0,2.0,1.0,0.0,2.0,2.0,5.0,0.0,0.2372668654278366,1.124739486560882,1.2650389126292363,0.5478611297069521,-0.21267754646044484,2025-10-12
2025-10-12,6.0,1.0,4.0,2.0,2.0,3.0,False,16590.0,0.001509206157561227,0.008822471595613555,1.0,5.0,0.5626994696445763,0.6,1.791759469228055,3.0,-0.21267754646044484,test,-0.21267754646044484,0.48710046748882985,-0.6376390190720521,0.0499801853603528,-0.9318338952580595,-1.821454836082476,-0.6997780139492746,0.42496147261160727,0.7191563487976147,0.13721146051419184,-0.0783089781708287,0.07957967715381117,3.2,3.0,2.8,2.8,2.4,-0.20000000000000018,0.0,0.20000000000000018,3.100000000000002,3.0,3.125,0.5973494425415993,0.0656988397240638,0.996725857257843,0.4261972209538466,0.2693982816199422,-0.034649972897022985,0.49700062992051247,0.1365022486907297,0.5800244560930876,0.5556184022920205,0.5170380375240855,-0.008618110000598533,0.0034832742778212467,0.012896161567005349,0.0011571254567599443,-0.004796752967222151,0.01012731615815976,-0.0019740681202600197,0.00035208070080128273,-0.003554451921518653,0.0023176330004473222,0.0031325112980172126,5.0,5.0,4.0,1.0,2.0,1.0,1.0,-1.0,4.0,4.0,4.0,0.0,3.0,3.0,2.0,-1.0,2.0,2.0,3.0,0.0,0.04523173876843468,-0.6997780139492746,0.4896892688067912,0.14882707107369467,-0.6628843571243583,2025-10-19
2025-10-19,6.0,1.0,4.0,1.0,2.0,2.8,False,16579.0,-0.0006630500301386677,0.005307986594982188,0.0,5.0,0.47846499234437934,0.4,1.791759469228055,2.8,-0.6628843571243583,test,-0.6628843571243583,-0.21267754646044484,0.48710046748882985,-0.6376390190720521,0.0499801853603528,0.38960957069306973,-0.4502068106639135,-1.1499848246131883,-0.7128645424847111,-0.4377809517924023,-0.2565251137920065,-0.051982063823367335,3.0,3.2,3.0,2.8,3.4,-0.20000000000000018,-0.40000000000000036,0.0,2.9000000000000017,3.0,3.0500000000000003,0.5626994696445763,0.5973494425415993,0.0656988397240638,0.996725857257843,0.078435881587211,-0.08423447730019695,-0.11888445019721994,-0.5182608649134637,0.5205822309944776,0.4260531860636546,0.5670416763687316,0.001509206157561227,-0.008618110000598533,0.0034832742778212467,0.012896161567005349,0.011802508805536682,-0.0021722561876998947,0.007955059970459866,-0.013559211597144016,0.00042307806371127965,-0.0010721698988386819,0.0015743164435577939,6.0,5.0,4.0,0.0,1.0,2.0,2.0,0.0,4.0,4.0,4.0,0.0,2.0,3.0,2.0,-1.0,2.0,2.0,2.0,0.0,0.43941567092017386,-0.4502068106639135,0.20268617236817285,0.29843505225995604,1.2777962140326549,2025-10-26
2025-10-26,6.0,2.0,4.0,3.0,3.0,3.6,False,16608.0,0.0017492007961878997,0.004864170820729049,1.0,2.0,0.5045383698306978,0.5,1.0986122886681098,3.6,1.2777962140326549,test,1.2777962140326549,-0.6628843571243583,-0.21267754646044484,0.48710046748882985,-0.6376390190720521,1.251307278227567,1.9406805711570132,1.4904737604930998,1.915435233104707,0.3074559284541476,0.22233369448417026,-0.04867094684773135,2.8,3.0,3.2,3.0,3.6,0.8000000000000003,0.6000000000000001,0.6000000000000001,3.200000000000002,3.1500000000000004,3.05,0.47846499234437934,0.5626994696445763,0.5973494425415993,0.0656988397240638,0.9265583886040581,0.02607337748631844,-0.058161099813878514,0.43883953010663396,0.49150168108753833,0.5357630685903131,0.5142891740220615,-0.0006630500301386677,0.001509206157561227,-0.008618110000598533,0.0034832742778212467,0.006168315622328002,0.0024122508263265674,0.0002399946386266727,-0.001734073481633347,0.000543075383024616,-0.0015056882692470186,0.001021927090290281,6.0,6.0,5.0,0.0,1.0,1.0,1.0,1.0,4.0,4.0,4.0,0.0,1.0,2.0,3.0,2.0,2.0,2.0,2.0,1.0,1.6327631645961864,1.9406805711570132,3.766241079266311,2.4797942864711615,0.5453454144930723,2025-11-02
2025-11-02,5.0,2.0,4.0,2.0,3.0,3.2,False,16662.0,0.0032514450867051625,0.0016127268531665085,1.0,6.0,0.6428282330743968,0.6666666666666666,1.9459101490553132,3.2,0.5453454144930723,test,0.5453454144930723,1.2777962140326549,-0.6628843571243583,-0.21267754646044484,0.48710046748882985,0.24079037625122657,-0.7324507995395826,1.2082297716174306,0.05824494700424243,0.9115708142628629,0.23689493123523087,-0.010601567067500636,3.6,2.8,3.0,3.2,3.2,-0.3999999999999999,0.40000000000000036,0.0,3.400000000000002,3.15,3.05,0.5045383698306978,0.47846499234437934,0.5626994696445763,0.5973494425415993,0.4826391998794861,0.13828986324369907,0.1643632407300175,0.045478790532797575,0.5736833014525471,0.5471327662235125,0.5343128031714254,0.0017492007961878997,-0.0006630500301386677,0.001509206157561227,-0.008618110000598533,-0.0033383915022762167,0.0015022442905172628,0.00391449511684383,0.011869555087303696,0.002500322941446531,0.0014617005025789054,0.0018456566639129535,6.0,6.0,5.0,-1.0,2.0,1.0,2.0,0.0,4.0,4.0,4.0,0.0,3.0,1.0,3.0,-1.0,3.0,2.0,2.0,0.0,0.2974016211086208,-0.7324507995395826,0.5364841737461737,-0.39943868487069584,-0.39799641977021044,2025-11-09
2025-11-09,5.0,1.0,4.0,2.0,3.0,3.0,False,16698.0,0.002160604969391411,0.0016515441534348772,1.0,4.0,0.47493109991773963,0.5,1.6094379124341003,3.0,-0.39799641977021044,test,-0.39799641977021044,0.5453454144930723,1.2777962140326549,-0.6628843571243583,-0.21267754646044484,-0.9318338952580595,-0.9433418342632827,-1.6757926338028653,-0.1853188733097656,0.07367449736143025,0.1905652129077895,0.056128117368480494,3.2,3.6,2.8,3.0,2.8,-0.20000000000000018,-0.6000000000000001,0.0,3.100000000000002,3.15,3.075,0.6428282330743968,0.5045383698306978,0.47846499234437934,0.5626994696445763,0.4261972209538466,-0.16789713315665722,-0.029607269912958145,-0.08776836972683666,0.558879666496068,0.5251906737918033,0.540404538041912,0.0032514450867051625,0.0017492007961878997,-0.0006630500301386677,0.001509206157561227,0.0011571254567599443,-0.0010908401173137516,0.0004114041732035112,0.0006513988118301839,0.0027060250280482867,0.0016245502055364514,0.001971091602991887,5.0,6.0,6.0,0.0,2.0,2.0,1.0,-1.0,4.0,4.0,4.0,0.0,2.0,3.0,2.0,0.0,3.0,3.0,2.0,0.0,0.15840115014990555,-0.9433418342632827,0.8898938162712147,0.37544667265624976,-0.12806469984606741,2025-11-16
2025-11-16,5.0,2.0,4.0,1.0,2.0,2.8,False,16702.0,0.00023954964666428324,0.0012468940663249272,1.0,5.0,0.602825490757823,0.6,1.791759469228055,2.8,-0.12806469984606741,test,-0.12806469984606741,-0.39799641977021044,0.5453454144930723,1.2777962140326549,-0.6628843571243583,0.0499801853603528,0.269931719924143,-0.6734101143391397,0.534819657278291,-0.2630305598081396,0.3242701272273622,0.03387250671767797,3.0,3.2,3.6,2.8,2.8,-0.20000000000000018,-0.40000000000000036,0.0,2.9000000000000017,3.1500000000000004,3.0749999999999997,0.47493109991773963,0.6428282330743968,0.5045383698306978,0.47846499234437934,0.996725857257843,0.12789439084008336,-0.04000274231657386,0.12436049841344365,0.5388782953377811,0.5562807983951642,0.49116699222940946,0.002160604969391411,0.0032514450867051625,0.0017492007961878997,-0.0006630500301386677,0.012896161567005349,-0.0019210553227271276,-0.0030118954400408793,0.0009025996768029509,0.001200077308027847,0.001850200124737189,0.0003890151129492536,5.0,5.0,6.0,0.0,1.0,2.0,1.0,1.0,4.0,4.0,4.0,0.0,2.0,2.0,1.0,-1.0,3.0,3.0,2.0,-1.0,0.016400567346663338,0.269931719924143,0.07286313342120598,-0.034568724691018106,0.06931649099705806,2025-11-23
2025-11-23,5.0,2.0,4.0,1.0,3.0,3.0,False,16718.0,0.0009579691054963924,0.0013283571141512066,1.0,3.0,0.42318133140603703,0.3333333333333333,1.3862943611198906,3.0,0.06931649099705806,test,0.06931649099705806,-0.12806469984606741,-0.39799641977021044,0.5453454144930723,1.2777962140326549,-0.6376390190720521,0.19738119084312547,0.4673129107672685,-1.2084797230355968,-0.029374104424505346,0.02215019646846301,0.12224194547631674,2.8,3.0,3.2,3.6,3.0,0.20000000000000018,0.0,-0.6000000000000001,2.9000000000000017,3.0,3.0749999999999997,0.602825490757823,0.47493109991773963,0.6428282330743968,0.5045383698306978,0.0656988397240638,-0.17964415935178596,-0.0517497685117026,-0.08135703842466074,0.5130034110819298,0.5359415387889991,0.5358523036896561,0.00023954964666428324,0.002160604969391411,0.0032514450867051625,0.0017492007961878997,0.0034832742778212467,0.0007184194588321091,-0.0012026358638950185,-0.0007912316906915073,0.0005987593760803378,0.0016523922020643123,7.335196640864683e-05,5.0,5.0,6.0,0.0,2.0,1.0,2.0,0.0,4.0,4.0,4.0,0.0,1.0,2.0,3.0,0.0,2.0,3.0,3.0,1.0,0.004804775924145231,0.19738119084312547,0.03895933449865032,0.013681771538066104,2.2183214988548507,2025-11-30
2025-11-30,6.0,2.0,5.0,5.0,2.0,4.0,False,16660.0,-0.003469314511305166,0.0024273686029994248,0.0,3.0,0.9622485637664795,1.0,1.3862943611198906,4.0,2.2183214988548507,test,2.2183214988548507,0.06931649099705806,-0.12806469984606741,-0.39799641977021044,0.5453454144930723,0.48710046748882985,2.1490050078577925,2.3463861987009182,1.6729760843617785,1.1438189949259536,0.4403942175589076,0.33864457439706935,3.0,2.8,3.0,3.2,3.2,1.0,1.2000000000000002,0.7999999999999998,3.5000000000000018,3.2,3.175,0.42318133140603703,0.602825490757823,0.47493109991773963,0.6428282330743968,0.5973494425415993,0.5390672323604424,0.3594230730086565,0.31942033069208264,0.6927149475862581,0.6157966214620196,0.5814646938427661,0.0009579691054963924,0.00023954964666428324,0.002160604969391411,0.0032514450867051625,-0.008618110000598533,-0.004427283616801558,-0.0037088641579694492,-0.0067207595980103285,-0.0012556727029043868,-2.7797697438269875e-05,0.0007169514025703178,5.0,5.0,5.0,1.0,2.0,2.0,2.0,0.0,4.0,4.0,4.0,1.0,1.0,1.0,2.0,4.0,3.0,2.0,3.0,-1.0,4.920950272281631,2.1490050078577925,4.61822252379787,4.767184010077679,1.6872168638347123,2025-12-07
2025-12-07,7.0,2.0,5.0,2.0,2.0,3.6,False,16672.0,0.0007202881152461593,0.0020759136940434113,1.0,6.0,0.9287387530008951,1.0,1.9459101490553132,3.6,1.6872168638347123,test,1.6872168638347123,2.2183214988548507,0.06931649099705806,-0.12806469984606741,-0.39799641977021044,-0.21267754646044484,-0.5311046350201385,1.6179003728376542,2.0852132836049226,1.952769181344781,0.9616975384601383,0.576131375683964,4.0,3.0,2.8,3.0,3.0,-0.3999999999999999,0.6000000000000001,0.6000000000000001,3.8000000000000016,3.35,3.25,0.9622485637664795,0.42318133140603703,0.602825490757823,0.47493109991773963,0.5626994696445763,-0.03350981076558435,0.5055574215948582,0.4538076530831555,0.945493658383687,0.7292485347328086,0.627219604262306,-0.003469314511305166,0.0009579691054963924,0.00023954964666428324,0.002160604969391411,0.001509206157561227,0.004189602626551325,-0.00023768099025023304,-0.0014403168541452516,-0.0013745131980295033,-0.00038787691097458277,0.0006183366472809343,6.0,5.0,5.0,1.0,2.0,2.0,1.0,0.0,5.0,4.0,4.0,0.0,5.0,1.0,2.0,-3.0,2.0,3.0,3.0,0.0,2.846700745608242,-0.5311046350201385,0.2820721333398745,-0.8960886966667576,-0.7668046855651349,2025-12-14
2025-12-14,6.0,1.0,3.0,1.0,2.0,2.6,False,16652.0,-0.0011996161228406965,0.002055538042311764,0.0,5.0,0.7773284036200494,0.8,1.791759469228055,2.6,-0.7668046855651349,test,-0.7668046855651349,1.6872168638347123,2.2183214988548507,0.06931649099705806,-0.12806469984606741,-0.6628843571243583,-2.4540215493998474,-2.9851261844199857,-0.6387399857190675,0.460206089134788,0.8020125420303714,0.563141334628867,3.6,4.0,3.0,2.8,2.8,-1.0,-1.4,-0.19999999999999973,3.100000000000002,3.3000000000000003,3.2249999999999996,0.9287387530008951,0.9622485637664795,0.42318133140603703,0.602825490757823,0.47846499234437934,-0.15141034938084574,-0.1849201601464301,0.1745029128622264,0.8530335783104721,0.7728742629483651,0.6645775306717647,0.0007202881152461593,-0.003469314511305166,0.0009579691054963924,0.00023954964666428324,-0.0006630500301386677,-0.0019199042380868558,0.0022696983884644695,-0.0014391657695049798,-0.0002396640037972686,-0.0007476683533508277,0.0005512658856931807,7.0,6.0,5.0,-1.0,2.0,2.0,2.0,-1.0,5.0,5.0,4.0,-2.0,2.0,5.0,1.0,-1.0,2.0,2.0,2.0,0.0,0.5879894258046454,-2.4540215493998474,6.022221764918828,1.8817552225576153,-0.7739438370178179,2025-12-21
2025-12-21,6.0,1.0,3.0,1.0,2.0,2.6,False,16736.0,0.005044439106413723,0.00361202668629449,1.0,3.0,0.6900235091646513,0.6666666666666666,1.3862943611198906,2.6,-0.7739438370178179,test,-0.7739438370178179,-0.7668046855651349,1.6872168638347123,2.2183214988548507,0.06931649099705806,1.2777962140326549,-0.007139151452682957,-2.4611607008525302,-0.8432603280148759,-0.770374261291477,0.5911974600266524,0.3066738282475578,2.6,3.6,4.0,3.0,3.6,0.0,-1.0,-0.3999999999999999,2.6,3.1999999999999997,3.1,0.7773284036200494,0.9287387530008951,0.9622485637664795,0.42318133140603703,0.5045383698306978,-0.08730489445539813,-0.23871524383624387,0.26684217775861424,0.7336759563923501,0.8395848073880188,0.687763173088509,-0.0011996161228406965,0.0007202881152461593,-0.003469314511305166,0.0009579691054963924,0.0017492007961878997,0.006244055229254419,0.0043241509911675635,0.0040864700009173305,0.0019224114917865132,0.0002739491468785049,0.0009631706744714086,6.0,7.0,5.0,0.0,1.0,2.0,2.0,0.0,3.0,5.0,4.0,0.0,1.0,2.0,1.0,0.0,2.0,2.0,3.0,0.0,0.5989890628578627,-0.007139151452682957,5.096748346434517e-05,0.005525302268340776,0.29589811741789307,2025-12-28
2025-12-28,7.0,1.0,3.0,3.0,2.0,3.2,False,16747.0,0.0006572657743786348,0.0026468819993973785,1.0,0.0,0.49202591768698767,0.5,0.0,3.2,0.29589811741789307,test,0.29589811741789307,-0.7739438370178179,-0.7668046855651349,1.6872168638347123,2.2183214988548507,0.5453454144930723,1.069841954435711,1.0627028029830279,-1.9224233814369578,-0.23902285979996307,0.11059161466741302,0.2754929161131604,2.6,2.6,3.6,4.0,3.2,0.6000000000000001,0.6000000000000001,-0.7999999999999998,2.900000000000002,3.0000000000000004,3.1,0.6900235091646513,0.7773284036200494,0.9287387530008951,0.9622485637664795,0.6428282330743968,-0.1979975914776636,-0.28530248593306173,-0.4702226460794918,0.5910247134258193,0.7220291458681458,0.6689128836650828,0.005044439106413723,-0.0011996161228406965,0.0007202881152461593,-0.003469314511305166,0.0032514450867051625,-0.004387173332035088,0.0018568818972193313,0.004126580285683801,0.002850852440396179,0.001305594218299455,0.0006388982604305926,6.0,6.0,6.0,1.0,1.0,1.0,2.0,0.0,3.0,3.0,5.0,0.0,1.0,1.0,5.0,2.0,2.0,2.0,2.0,0.0,0.08755569589145323,1.069841954435711,1.144561807470822,0.3165642202522062,0.7165804298511943,2026-01-04
2026-01-04,7.0,2.0,3.0,2.0,2.0,3.2,False,16716.0,-0.0018510778049799503,0.0031084276470352864,0.0,2.0,0.5027475589886308,0.5,1.0986122886681098,3.2,0.7165804298511943,test,0.7165804298511943,0.29589811741789307,-0.7739438370178179,-0.7668046855651349,1.6872168638347123,-0.39799641977021044,0.42068231243330123,1.4905242668690122,-0.970636433983518,0.506239273634543,-0.13206749382846647,0.41481502231583606,3.2,2.6,2.6,3.6,3.0,0.0,0.6000000000000001,-0.3999999999999999,3.2,2.9,3.125,0.49202591768698767,0.6900235091646513,0.7773284036200494,0.9287387530008951,0.47493109991773963,0.010721641301643103,-0.1872759501760205,-0.4259911940122644,0.497386738337809,0.6155313473650798,0.6723899410489442,0.0006572657743786348,0.005044439106413723,-0.0011996161228406965,0.0007202881152461593,0.002160604969391411,-0.002508343579358585,-0.006895516911393673,-0.0025713659202261097,-0.0005969060153006578,0.0006627527382429277,0.00013743791363417246,7.0,6.0,7.0,0.0,1.0,1.0,2.0,1.0,3.0,3.0,5.0,0.0,3.0,1.0,2.0,-1.0,2.0,2.0,2.0,0.0,0.5134875124457224,0.42068231243330123,0.17697360799422968,0.3014527122742494,0.029524870771419496,2026-01-11
2026-01-11,6.0,2.0,3.0,1.0,2.0,2.8,False,16860.0,0.008614501076812608,0.004642902363595392,1.0,3.0,0.5561296917342892,0.6666666666666666,1.3862943611198906,2.8,0.029524870771419496,test,0.029524870771419496,0.7165804298511943,0.29589811741789307,-0.7739438370178179,-0.7668046855651349,-0.12806469984606741,-0.6870555590797748,-0.26637324664647355,0.7963295563365544,0.37305265031130624,0.06701489525567214,0.43451371864302185,3.2,3.2,2.6,2.6,2.8,-0.40000000000000036,-0.40000000000000036,0.19999999999999973,3.0000000000000018,2.95,3.125,0.5027475589886308,0.49202591768698767,0.6900235091646513,0.7773284036200494,0.602825490757823,0.053382132745658395,0.0641037740473015,-0.22119871188576024,0.5294386253614598,0.5602316693936397,0.6665529661710025,-0.0018510778049799503,0.0006572657743786348,0.005044439106413723,-0.0011996161228406965,0.00023954964666428324,0.010465578881792559,0.007957235302433974,0.009814117199653305,0.003381711635916329,0.003116282038156254,0.0011843068424027131,7.0,7.0,6.0,-1.0,2.0,1.0,1.0,0.0,3.0,3.0,3.0,0.0,2.0,3.0,1.0,-1.0,2.0,2.0,2.0,0.0,0.0008717179940690213,-0.6870555590797748,0.47204534126242187,-0.020285226594615725,0.9253409276005186,2026-01-18
2026-01-18,7.0,2.0,4.0,1.0,2.0,3.2,False,16918.0,0.0034400948991695213,0.0044875090372757985,1.0,5.0,0.7994527338072658,0.8,1.791759469228055,3.2,0.9253409276005186,test,0.9253409276005186,0.029524870771419496,0.7165804298511943,0.29589811741789307,-0.7739438370178179,0.06931649099705806,0.895816056829099,0.20876049774932426,1.6992847646183364,0.4774328991859684,0.4918360864102562,0.5415167732184545,2.8,3.2,3.2,2.6,3.0,0.40000000000000036,0.0,0.6000000000000001,3.0000000000000018,3.1,3.1500000000000004,0.5561296917342892,0.5027475589886308,0.49202591768698767,0.6900235091646513,0.42318133140603703,0.24332304207297661,0.296705174818635,0.10942922464261451,0.6777912127707773,0.5875889755542933,0.7135868914711561,0.008614501076812608,-0.0018510778049799503,0.0006572657743786348,0.005044439106413723,0.0009579691054963924,-0.005174406177643087,0.005291172704149472,-0.0016043442072442016,0.006027297987991065,0.0027151959863452035,0.0014945725666118542,6.0,7.0,6.0,1.0,2.0,2.0,1.0,0.0,3.0,3.0,3.0,1.0,1.0,2.0,1.0,0.0,2.0,2.0,2.0,0.0,0.8562558322925882,0.895816056829099,0.8024864076728356,0.8289352609856774,2.047310077447928,2026-01-25
2026-01-25,9.375,2.0,4.0,2.0,2.0,3.875,False,16823.0,-0.0056153209599243414,0.006211261595650725,0.0,7.0,0.4937476210928123,0.42857142857142855,2.0794415416798357,4.2,2.047310077447928,test,2.047310077447928,0.9253409276005186,0.029524870771419496,0.7165804298511943,0.29589811741789307,2.2183214988548507,1.1219691498474096,2.0177852066765087,1.751411960030035,1.4863255025242226,0.929689076417765,0.520140345542589,3.2,2.8,3.2,3.2,4.0,0.6749999999999998,1.0750000000000002,0.6749999999999998,3.537500000000002,3.26875,3.1343750000000004,0.7994527338072658,0.5561296917342892,0.5027475589886308,0.49202591768698767,0.9622485637664795,-0.3057051127144535,-0.06238207064147688,0.001721703405824615,0.6466001774500388,0.5880194014057495,0.6550242736369477,0.0034400948991695213,0.008614501076812608,-0.0018510778049799503,0.0006572657743786348,-0.003469314511305166,-0.009055415859093863,-0.01422982203673695,-0.006272586734302976,-0.00108761303037741,0.0011470493027694595,0.0012263217605344573,7.0,6.0,7.0,2.375,2.0,2.0,1.0,0.0,4.0,3.0,3.0,0.0,1.0,1.0,3.0,1.0,2.0,2.0,2.0,0.0,4.191478553219841,1.1219691498474096,1.2588147732093191,2.297018747068286,1.7956824073960522,2026-02-01
2026-02-01,8.0,2.0,4.0,2.0,2.0,3.6,False,16788.0,-0.002080485050228842,0.0062491163842934875,0.0,5.0,0.9759505391120911,1.0,1.791759469228055,3.6,1.7956824073960522,test,1.7956824073960522,2.047310077447928,0.9253409276005186,0.029524870771419496,0.7165804298511943,1.6872168638347123,-0.2516276700518758,0.8703414797955337,1.079101977544858,1.9214962424219895,1.1994645708039795,0.5336985384877566,3.875,3.2,2.8,3.2,3.6,-0.2749999999999999,0.3999999999999999,0.3999999999999999,3.7375000000000016,3.3687500000000004,3.134375,0.4937476210928123,0.7994527338072658,0.5561296917342892,0.5027475589886308,0.9287387530008951,0.4822029180192788,0.17649780530482528,0.4732029801234603,0.7348490801024514,0.7063201464366144,0.6609257469008472,-0.0056153209599243414,0.0034400948991695213,0.008614501076812608,-0.0018510778049799503,0.0007202881152461593,0.0035348359096954995,-0.005520579949398363,-0.00022940724524889156,-0.0038479030050765917,0.0010896974914572366,0.0008762251148500821,9.375,7.0,7.0,-1.375,2.0,2.0,2.0,0.0,4.0,4.0,3.0,0.0,2.0,1.0,2.0,0.0,2.0,2.0,2.0,0.0,3.2244753082316815,-0.2516276700518758,0.06331648433573568,-0.45184338032621185,0.21492734629871488,2026-02-08
2026-02-08,6.0,2.0,4.0,1.0,2.0,3.0,False,16873.0,0.005063140338336991,0.00493851884134242,1.0,8.0,0.4367671215150039,0.5,2.1972245773362196,3.0,0.21492734629871488,test,0.21492734629871488,1.7956824073960522,2.047310077447928,0.9253409276005186,0.029524870771419496,-0.7668046855651349,-1.5807550610973373,-1.8323827311492131,0.18540247552729539,1.005304876847383,1.2458151896858032,0.6564150424707378,3.6,3.875,3.2,2.8,2.6,-0.6000000000000001,-0.875,0.20000000000000018,3.3000000000000016,3.41875,3.184375,0.9759505391120911,0.4937476210928123,0.7994527338072658,0.5561296917342892,0.7773284036200494,-0.5391834175970871,-0.056980499577808374,-0.11936257021928526,0.7063588303135473,0.6764795038817931,0.6183555866377165,-0.002080485050228842,-0.0056153209599243414,0.0034400948991695213,0.008614501076812608,-0.0011996161228406965,0.007143625388565833,0.010678461298261333,-0.0035513607384756174,0.0014913276440540746,0.00020185730683833225,0.001659069672497293,8.0,9.375,6.0,-2.0,2.0,2.0,2.0,0.0,4.0,4.0,3.0,0.0,2.0,2.0,1.0,-1.0,2.0,2.0,2.0,0.0,0.046193764187007706,-1.5807550610973373,2.4987865631848467,-0.3397474904299136,-0.3411657024221283,2026-02-15
2026-02-15,5.0,1.0,5.0,1.0,2.0,2.8,False,16823.0,-0.0029633141705683874,0.004562459895249635,0.0,1.0,0.9841451048851012,1.0,0.6931471805599453,2.8,-0.3411657024221283,test,-0.3411657024221283,0.21492734629871488,1.7956824073960522,2.047310077447928,0.9253409276005186,-0.7739438370178179,-0.5560930487208432,-2.1368481098181804,-1.2665066300226469,-0.06311917806170736,0.9291885321801416,0.7105123092951989,3.0,3.6,3.875,3.2,2.6,-0.20000000000000018,-0.8000000000000003,-0.40000000000000036,2.9000000000000017,3.31875,3.209375,0.4367671215150039,0.9759505391120911,0.4937476210928123,0.7994527338072658,0.6900235091646513,0.5473779833700974,0.008194565773010143,0.18469237107783543,0.7104561132000524,0.722652596651252,0.6551207861027728,0.005063140338336991,-0.002080485050228842,-0.0056153209599243414,0.0034400948991695213,0.005044439106413723,-0.008026454508905378,-0.0008828291203395455,-0.006403409069737909,0.0010499130838843018,-0.001398994960596145,0.0006581005128745293,6.0,8.0,7.0,-1.0,2.0,2.0,2.0,-1.0,4.0,4.0,4.0,1.0,1.0,2.0,1.0,0.0,2.0,2.0,2.0,0.0,0.1163940365091842,-0.5560930487208432,0.30923947883564207,0.1897198755789093,0.7470671060853998,2026-02-22
2026-02-22,6.0,2.0,5.0,2.0,2.0,3.4,False,16889.0,0.00392320038043148,0.004092702117290536,1.0,5.0,0.25686753671616314,0.2,1.791759469228055,3.4,0.7470671060853998,test,0.7470671060853998,-0.3411657024221283,0.21492734629871488,1.7956824073960522,2.047310077447928,0.29589811741789307,1.0882328085075281,0.5321397597866849,-1.300242971362528,0.2029507018316351,0.6041277893395096,0.7669084328786374,2.8,3.0,3.6,3.875,3.2,0.6000000000000001,0.3999999999999999,-0.4750000000000001,3.1000000000000014,3.2,3.234375,0.9841451048851012,0.4367671215150039,0.9759505391120911,0.4937476210928123,0.49202591768698767,-0.7272775681689381,-0.17989958479884077,-0.23688008437664915,0.6205063208006321,0.6634325755570898,0.6257259884814197,-0.0029633141705683874,0.005063140338336991,-0.002080485050228842,-0.0056153209599243414,0.0006572657743786348,0.006886514550999867,-0.0011399399579055114,0.009538521340355821,0.00047994310493154613,0.0009856353744928104,0.001066342338631135,5.0,6.0,9.375,1.0,1.0,2.0,2.0,1.0,5.0,4.0,4.0,0.0,1.0,1.0,2.0,1.0,2.0,2.0,2.0,0.0,0.5581092609948141,1.0882328085075281,1.1842506455121824,0.8129829349989062,3.691251505759111,2026-03-01
2026-03-01,9.0,2.0,6.0,5.0,2.0,4.8,False,16801.0,-0.00521049203623658,0.0050593904890018065,0.0,6.0,0.6994790186484655,0.6666666666666666,1.9459101490553132,4.8,3.691251505759111,test,3.691251505759111,0.7470671060853998,-0.3411657024221283,0.21492734629871488,1.7956824073960522,0.7165804298511943,2.944184399673711,4.032417208181239,1.8955690983630586,2.2191593059222545,1.0780200639302742,1.138742317367127,3.4,2.8,3.0,3.6,3.2,1.4,2.0,1.1999999999999997,4.100000000000001,3.4999999999999996,3.4343749999999997,0.25686753671616314,0.9841451048851012,0.4367671215150039,0.9759505391120911,0.5027475589886308,0.4426114819323024,-0.2846660862366357,-0.27647152046362555,0.4781732776823142,0.5943146954411833,0.6503174209388991,0.00392320038043148,-0.0029633141705683874,0.005063140338336991,-0.002080485050228842,-0.0018510778049799503,-0.00913369241666806,-0.002247177865668193,-0.0031300069860077384,-0.0006436458279025503,0.00020313362799087575,0.0006464155597240562,6.0,5.0,8.0,3.0,2.0,1.0,2.0,0.0,5.0,5.0,4.0,1.0,2.0,1.0,2.0,3.0,2.0,2.0,2.0,0.0,13.625337678768902,2.944184399673711,8.66822177928205,10.86772509852807,4.024452905110599,2026-03-08
2026-03-08,9.0,2.0,8.0,4.0,2.0,5.0,False,16973.0,0.01023748586393669,0.007003984414280535,1.0,2.0,0.4974982049316167,0.5,1.0986122886681098,5.0,4.024452905110599,test,4.024452905110599,3.691251505759111,0.7470671060853998,-0.3411657024221283,0.21492734629871488,0.029524870771419496,0.3332013993514882,3.277385799025199,3.809525558811884,3.8578522054348543,2.030401453633245,1.6381083216595242,4.8,3.4,2.8,3.0,2.8,0.20000000000000018,1.6,2.0,4.900000000000002,4.0,3.709375,0.6994790186484655,0.25686753671616314,0.9841451048851012,0.4367671215150039,0.5561296917342892,-0.20198081371684878,0.2406306682154536,0.06073108341661282,0.598488611790041,0.6094974662953365,0.6429884850885649,-0.00521049203623658,0.00392320038043148,-0.0029633141705683874,0.005063140338336991,0.008614501076812608,0.015447977900173271,0.006314285483505211,0.0051743455255996995,0.002513496913850055,0.0014967200093908006,0.0008492886581145664,9.0,6.0,6.0,0.0,2.0,2.0,2.0,0.0,6.0,5.0,4.0,2.0,5.0,2.0,1.0,-1.0,2.0,2.0,2.0,0.0,16.19622118545314,0.3332013993514882,0.11102317252978991,1.3409533396070135,3.205613382027738,2026-03-15
2026-03-15,9.0,1.0,8.0,4.0,2.0,4.8,False,16900.0,-0.004300948565368556,0.007313027931923133,0.0,4.0,0.6091008827715996,0.75,1.6094379124341003,4.8,3.205613382027738,test,3.205613382027738,4.024452905110599,3.691251505759111,0.7470671060853998,-0.3411657024221283,0.9253409276005186,-0.8188395230828611,-0.48563812373137294,3.546779084449866,3.615033143569168,2.9170962247457117,1.9231423784629267,5.0,4.8,3.4,2.8,3.2,-0.20000000000000018,0.0,2.0,4.900000000000002,4.5,3.909375,0.4974982049316167,0.6994790186484655,0.25686753671616314,0.9841451048851012,0.7994527338072658,0.11160267783998284,-0.09037813587686594,-0.37504422211350164,0.553299543851608,0.5157364107669612,0.6191945037091067,0.01023748586393669,-0.00521049203623658,0.00392320038043148,-0.0029633141705683874,0.0034400948991695213,-0.014538434429305247,0.0009095434708680239,-0.001337634394800169,0.002968268649284067,0.0011623114106907584,-0.00011834177495269327,9.0,9.0,5.0,0.0,2.0,2.0,1.0,-1.0,8.0,6.0,5.0,0.0,4.0,5.0,1.0,0.0,2.0,2.0,2.0,0.0,10.275957155035313,-0.8188395230828611,0.6704981645625675,-2.6248829329276306,2.667959466459636,2026-03-22
2026-03-22,9.375,1.0,4.0,6.0,2.0,4.475,False,16925.0,0.0014792899408284654,0.0071045977020845665,1.0,9.0,0.6737399487109441,0.6666666666666666,2.302585092994046,6.2,2.667959466459636,test,2.667959466459636,3.205613382027738,4.024452905110599,3.691251505759111,0.7470671060853998,2.047310077447928,-0.5376539155681019,-1.356493438650963,1.920892360374236,2.936786424243686,3.3973193148392706,2.00072355208939,4.8,5.0,4.8,3.4,3.875,-0.3250000000000002,-0.5250000000000004,1.0749999999999997,4.637500000000002,4.76875,3.9843749999999996,0.6091008827715996,0.4974982049316167,0.6994790186484655,0.25686753671616314,0.4937476210928123,0.06463906593934454,0.1762417437793274,0.416872411994781,0.6414204157412717,0.6199545137656564,0.6416935446613732,-0.004300948565368556,0.01023748586393669,-0.00521049203623658,0.00392320038043148,-0.0056153209599243414,0.005780238506197022,-0.008758195923108225,-0.0024439104396030142,-0.0014108293122700455,0.0005513338007900048,0.0007684845876414076,9.0,9.0,6.0,0.375,1.0,2.0,2.0,0.0,8.0,8.0,5.0,-4.0,4.0,4.0,2.0,2.0,2.0,2.0,2.0,0.0,7.118007714671585,-0.5376539155681019,0.2890717329257117,-1.4344388537190074,6.124887643180134,2026-03-29
2026-03-29,9.375,2.0,4.0,12.125,3.0,6.1,False,16983.0,0.0034268833087149897,0.005995693185092727,1.0,2.0,0.96287402510643,1.0,1.0986122886681098,15.4,6.124887643180134,test,6.124887643180134,2.667959466459636,3.205613382027738,4.024452905110599,3.691251505759111,1.7956824073960522,3.4569281767204982,2.9192742611523963,2.4336361374210234,4.396423554819885,4.005728349194526,2.5418742065624005,4.475,4.8,5.0,4.8,3.6,1.625,1.2999999999999998,1.2999999999999998,5.287500000000001,5.09375,4.296875,0.6737399487109441,0.6091008827715996,0.4974982049316167,0.6994790186484655,0.9759505391120911,0.28913407639548594,0.3537731423348305,0.26339500645796454,0.818306986908687,0.6858032653801476,0.6400589804106656,0.0014792899408284654,-0.004300948565368556,0.01023748586393669,-0.00521049203623658,-0.002080485050228842,0.0019475933678865243,0.007727831874083546,0.00863737534495157,0.0024530866247717276,0.0027106776370278973,0.0014569056325093865,9.375,9.0,9.0,0.0,1.0,1.0,2.0,1.0,4.0,8.0,6.0,0.0,6.0,4.0,5.0,6.125,2.0,2.0,2.0,1.0,37.5142486415807,3.4569281767204982,11.950352419004108,21.17329667295661,3.1096329545333283,2026-04-05
2026-04-05,9.375,2.0,4.0,5.0,3.0,4.675,False,17011.0,0.0016487075310605004,0.0033604647703250686,1.0,4.0,0.0192140181243303,0.0,1.6094379124341003,6.0,3.1096329545333283,test,3.1096329545333283,6.124887643180134,2.667959466459636,3.205613382027738,4.024452905110599,0.21492734629871488,-3.015254688646806,0.44167348807369233,-0.9148199505772707,4.61726029885673,3.777023361550209,2.903712407591727,6.1,4.475,4.8,5.0,3.0,-1.4249999999999998,0.20000000000000018,-0.3250000000000002,5.387500000000002,5.012499999999999,4.50625,0.96287402510643,0.6737399487109441,0.6091008827715996,0.4974982049316167,0.4367671215150039,-0.9436600069820997,-0.6545259305866138,-0.4782841868072864,0.49104402161538,0.566232218678326,0.5878648424868314,0.0034268833087149897,0.0014792899408284654,-0.004300948565368556,0.01023748586393669,0.005063140338336991,-0.0017781757776544893,0.00016941759023203495,-0.00858877833287619,0.002537795419887745,0.0005634830538088498,0.0010301015315998252,9.375,9.375,9.0,0.0,2.0,1.0,2.0,0.0,4.0,4.0,8.0,0.0,12.125,6.0,4.0,-7.125,3.0,2.0,2.0,0.0,9.669817111919677,-3.015254688646806,9.091760837406547,-9.376335346127238,5.683284051064483,2026-04-12
2026-04-12,9.375,2.0,4.0,12.125,3.0,6.1,False,17095.0,0.00493798130621359,0.001634243362887316,1.0,3.0,0.36197784201552463,0.3333333333333333,1.3862943611198906,7.2,5.683284051064483,test,5.683284051064483,3.1096329545333283,6.124887643180134,2.667959466459636,3.205613382027738,-0.3411657024221283,2.5736510965311545,-0.44160359211565137,2.477670669036745,4.396458502798905,4.396441028809395,3.6567686267775534,4.675,6.1,4.475,4.8,2.8,1.4249999999999998,0.0,1.2999999999999998,5.387500000000002,5.3374999999999995,4.91875,0.0192140181243303,0.96287402510643,0.6737399487109441,0.6091008827715996,0.9841451048851012,0.3427638238911943,-0.6008961830909054,-0.24712304075607494,0.1905959300699273,0.5044514584893072,0.5100939346281342,0.0016487075310605004,0.0034268833087149897,0.0014792899408284654,-0.004300948565368556,-0.0029633141705683874,0.00328927377515309,0.0015110979974986005,0.009238929871582147,0.0032933444186370453,0.0028732155217043864,0.0020177634661975724,9.375,9.375,9.0,0.0,2.0,2.0,1.0,0.0,4.0,4.0,8.0,0.0,5.0,12.125,4.0,7.125,3.0,3.0,2.0,0.0,32.29971760508392,2.5736510965311545,6.623679966676014,14.626790229920129,5.4184468949574045,2026-04-19
2026-04-19,9.375,2.0,4.0,12.125,2.0,5.9,False,17180.0,0.004972214097689331,0.0015732017049099518,1.0,5.0,0.5190769688226282,0.4,1.791759469228055,6.4,5.4184468949574045,test,5.4184468949574045,5.683284051064483,3.1096329545333283,6.124887643180134,2.667959466459636,0.7470671060853998,-0.26483715610707836,2.308813940424076,2.7504874284977685,5.550865473010942,5.084062885933838,4.240691100386554,6.1,4.675,6.1,4.475,3.4,-0.1999999999999993,1.2250000000000005,1.4250000000000007,6.000000000000002,5.69375,5.231249999999999,0.36197784201552463,0.0192140181243303,0.96287402510643,0.6737399487109441,0.25686753671616314,0.15709912680710358,0.4998629506982979,-0.1546629798883159,0.44052740541907626,0.46578571351722825,0.5428701136414424,0.00493798130621359,0.0016487075310605004,0.0034268833087149897,0.0014792899408284654,0.00392320038043148,3.423279147574121e-05,0.003323506566628831,0.003492924156860866,0.004955097701951461,0.003746446560919603,0.002148890180854804,9.375,9.375,9.375,0.0,2.0,2.0,1.0,0.0,4.0,4.0,4.0,0.0,12.125,5.0,6.0,0.0,3.0,3.0,2.0,-1.0,29.359566753473537,-0.26483715610707836,0.07013871925488499,-1.4350060661777482,4.829254107972611,2026-04-26
2026-04-26,9.375,2.0,4.0,9.0,3.0,5.475,False,17244.0,0.0037252619324796843,0.0015600172518850934,1.0,9.0,0.6944244437747531,0.6666666666666666,2.302585092994046,5.8,4.829254107972611,test,4.829254107972611,5.4184468949574045,5.683284051064483,3.1096329545333283,6.124887643180134,3.691251505759111,-0.5891927869847935,-0.8540299430918719,-1.2956335352075232,5.123850501465007,4.7601545021319565,4.382941425663241,5.9,6.1,4.675,6.1,4.8,-0.4250000000000007,-0.625,-0.625,5.687500000000002,5.5375,5.315625,0.5190769688226282,0.36197784201552463,0.0192140181243303,0.96287402510643,0.6994790186484655,0.17534747495212488,0.33244660175922847,-0.26844958133167696,0.6067507062986905,0.398673318184309,0.5422382917822284,0.004972214097689331,0.00493798130621359,0.0016487075310605004,0.0034268833087149897,-0.00521049203623658,-0.0012469521652096471,-0.001212719373733906,0.0002983786237646946,0.004348738015084508,0.0038210412168607766,0.003265859426944337,9.375,9.375,9.375,0.0,2.0,2.0,2.0,0.0,4.0,4.0,4.0,0.0,12.125,12.125,12.125,-3.125,2.0,3.0,3.0,1.0,23.32169523937034,-0.5891927869847935,0.34714814023490825,-2.8453616869341456,5.0178716096347085,2026-05-03
2026-05-03,9.0,2.0,4.0,10.0,3.0,5.6,False,17346.0,0.005915100904662518,0.0008974938639664466,1.0,4.0,0.5906261843629181,0.75,1.6094379124341003,5.6,5.0178716096347085,test,5.0178716096347085,4.829254107972611,5.4184468949574045,5.683284051064483,3.1096329545333283,4.024452905110599,0.18861750166209745,-0.40057528532269604,1.9082386551013801,4.923562858803659,5.237214165907302,4.507118763728755,5.475,5.9,6.1,4.675,5.0,0.125,-0.3000000000000007,0.9249999999999998,5.537500000000001,5.768750000000001,5.390625,0.6944244437747531,0.5190769688226282,0.36197784201552463,0.0192140181243303,0.4974982049316167,-0.10379825941183496,0.07154921554028992,0.5714121662385878,0.6425253140688354,0.5415263597439559,0.553879289211141,0.0037252619324796843,0.004972214097689331,0.00493798130621359,0.0016487075310605004,0.01023748586393669,0.0021898389721828337,0.0009428868069731866,0.004266393373602018,0.004820181418571101,0.004887639560261281,0.0027255613070350654,9.375,9.375,9.375,-0.375,2.0,2.0,2.0,0.0,4.0,4.0,4.0,0.0,9.0,12.125,5.0,1.0,3.0,2.0,3.0,0.0,25.17903549077802,0.18861750166209745,0.03557656193325134,0.9464584066704662,3.296914059769044,2026-05-10
2026-05-10,9.0,2.0,4.0,4.0,3.0,4.4,False,17366.0,0.001153003574311029,0.002063972161956308,1.0,3.0,0.9943167567253113,1.0,1.3862943611198906,4.4,3.296914059769044,test,3.296914059769044,5.0178716096347085,4.829254107972611,5.4184468949574045,5.683284051064483,3.205613382027738,-1.7209575498656644,-1.532340048203567,-2.386369991295439,4.157392834701875,4.640621668083442,4.518531348446419,5.6,5.475,5.9,6.1,4.8,-1.1999999999999993,-1.0749999999999993,-1.6999999999999993,5.000000000000002,5.34375,5.340625,0.5906261843629181,0.6944244437747531,0.5190769688226282,0.36197784201552463,0.6091008827715996,0.40369057236239314,0.2998923129505582,0.6323389147097866,0.7924714705441145,0.6996110884214026,0.602031273455355,0.005915100904662518,0.0037252619324796843,0.004972214097689331,0.00493798130621359,-0.004300948565368556,-0.004762097330351489,-0.0025722583581686553,-0.0037849777319025613,0.0035340522394867735,0.003941395127285641,0.0034073053244950136,9.0,9.375,9.375,0.0,2.0,2.0,2.0,0.0,4.0,4.0,4.0,0.0,10.0,9.0,12.125,-6.0,3.0,3.0,3.0,0.0,10.8696423175028,-1.7209575498656644,2.961694888439631,-5.673849142417795,2.963138151212266,2026-05-17
2026-05-17,9.375,2.0,4.0,3.0,3.0,4.275,False,17589.0,0.012841183922607469,0.005014759036458135,1.0,6.0,0.710305184746782,0.8333333333333334,1.9459101490553132,4.6,2.963138151212266,test,2.963138151212266,3.296914059769044,5.0178716096347085,4.829254107972611,5.4184468949574045,2.667959466459636,-0.33377590855677797,-2.0547334584224424,-2.4553087437451384,3.1300261054906544,4.026794482147157,4.555428684040497,4.4,5.6,5.475,5.9,4.475,-0.125,-1.3249999999999993,-1.625,4.337500000000002,4.9375,5.315625,0.9943167567253113,0.5906261843629181,0.6944244437747531,0.5190769688226282,0.6737399487109441,-0.28401157197852933,0.11967900038386381,0.19122821592415373,0.8523109707360464,0.747418142402441,0.6066019279598347,0.001153003574311029,0.005915100904662518,0.0037252619324796843,0.004972214097689331,0.0014792899408284654,0.01168818034829644,0.006926083017944951,0.007868969824918137,0.006997093748459249,0.005908637583515175,0.004827542072217389,9.0,9.0,9.375,0.375,2.0,2.0,2.0,0.0,4.0,4.0,4.0,0.0,4.0,10.0,12.125,-1.0,3.0,3.0,2.0,0.0,8.780187703169647,-0.33377590855677797,0.1114063571329026,-0.9890241286001255,2.5203678167723105,2026-05-24
2026-05-24,9.0,2.0,4.0,2.0,3.0,4.0,False,17695.0,0.006026493831371882,0.004808543382346329,1.0,5.0,0.8807337641716003,0.8,1.791759469228055,4.0,2.5203678167723105,test,2.5203678167723105,2.963138151212266,3.296914059769044,5.0178716096347085,4.829254107972611,6.124887643180134,-0.4427703344399556,-0.7765462429967336,-2.3088862912003005,2.7417529839922876,3.4495729093470824,4.104863705739519,4.275,4.4,5.6,5.475,6.1,-0.27500000000000036,-0.40000000000000036,-1.4749999999999996,4.137500000000003,4.56875,5.053125,0.710305184746782,0.9943167567253113,0.5906261843629181,0.6944244437747531,0.96287402510643,0.17042857942481837,-0.11358299255371096,0.18630932039684722,0.7955194744591909,0.7939954725016528,0.596334395342981,0.012841183922607469,0.001153003574311029,0.005915100904662518,0.0037252619324796843,0.0034268833087149897,-0.006814690091235587,0.004873490257060853,0.0023012318988921976,0.009433838876989675,0.006483945558238224,0.0051524933875495005,9.375,9.0,9.375,-0.375,2.0,2.0,2.0,0.0,4.0,4.0,4.0,0.0,3.0,4.0,9.0,-1.0,3.0,3.0,3.0,0.0,6.352253931821623,-0.4427703344399556,0.19604556906007015,-1.1159441011439766,4.681100603958031,2026-05-31
2026-05-31,9.375,2.0,4.0,9.0,3.0,5.475,False,17816.0,0.006838089855891516,0.0047942717616045365,1.0,3.0,0.40453495807014406,0.3333333333333333,1.3862943611198906,6.2,4.681100603958031,test,4.681100603958031,2.5203678167723105,2.963138151212266,3.296914059769044,5.0178716096347085,3.1096329545333283,2.1607327871857205,1.7179624527457649,-0.3367710056766775,3.60073421036517,3.365380157927913,4.301297161917607,4.0,4.275,4.4,5.6,4.675,1.4749999999999996,1.1999999999999993,-0.125,4.7375000000000025,4.5375,5.153125,0.8807337641716003,0.710305184746782,0.9943167567253113,0.5906261843629181,0.0192140181243303,-0.47619880610145626,-0.3057702266766379,-0.18609122629277408,0.642634361120872,0.7474726659284594,0.6444995128362078,0.006026493831371882,0.012841183922607469,0.001153003574311029,0.005915100904662518,0.0016487075310605004,0.0008115960245196341,-0.006003094066715953,0.0009229889512289979,0.006432291843631699,0.006714692796045474,0.005801166178153377,9.0,9.375,9.0,0.375,2.0,2.0,2.0,0.0,4.0,4.0,4.0,0.0,2.0,3.0,10.0,7.0,3.0,3.0,3.0,0.0,21.912702864376243,2.1607327871857205,4.668766177619372,10.114607555086996,5.539920508950228,2026-06-07
2026-06-07,9.375,2.0,4.0,12.125,3.0,6.1,False,18070.0,0.01425684777727887,0.00416249751592435,1.0,1.0,0.0979484245181083,0.0,0.6931471805599453,10.0,5.539920508950228,test,5.539920508950228,4.681100603958031,2.5203678167723105,2.963138151212266,3.296914059769044,5.683284051064483,0.8588199049921972,3.0195526921779177,2.243006449181184,5.110510556454129,3.9261317702232086,4.283376719153326,5.475,4.0,4.275,4.4,6.1,0.625,2.0999999999999996,1.6999999999999993,5.787500000000001,4.9625,5.153125,0.40453495807014406,0.8807337641716003,0.710305184746782,0.9943167567253113,0.36197784201552463,-0.30658653355203574,-0.7827853396534921,-0.896368332207203,0.251241691294126,0.5233805828766586,0.6114958356490308,0.006838089855891516,0.006026493831371882,0.012841183922607469,0.001153003574311029,0.00493798130621359,0.007418757921387353,0.008230353945906987,0.01310384420296784,0.010547468816585193,0.009990653846787434,0.006966024487036537,9.375,9.0,9.0,0.0,2.0,2.0,2.0,0.0,4.0,4.0,4.0,0.0,9.0,2.0,4.0,3.125,3.0,3.0,3.0,0.0,30.690719245487355,0.8588199049921972,0.7375716292108065,4.757794005160959,5.242521850650453,2026-06-14
